,QQQ,VEU,STC,AlRajhi,BonyanREIT,AlinmaHospitalityREIT
2010-01-29,0.0,0.0,0.0,0.0,0.0,0.0
2010-02-26,0.0,0.0,0.0,0.0,0.0,0.0
2010-03-31,0.0,0.0,0.0,0.0,0.0,0.0
2010-04-30,0.0,0.0,0.0,0.0,0.0,0.0
2010-05-31,0.0,0.0,0.0,0.0,0.0,0.0
2010-06-30,0.0,0.0,0.0,0.0,0.0,0.0
2010-07-30,0.0,0.0,0.0,0.0,0.0,0.0
2010-08-31,0.0,0.0,0.0,0.0,0.0,0.0
2010-09-30,0.5,0.5,0.0,0.0,0.0,0.0
2010-10-31,0.23984036060630137,0.20094923666883577,0.2686919582261449,0.29051844449871805,0.0,0.0
2010-11-30,0.23758853084374867,0.1964505685317919,0.2755361871579214,0.29042471346653803,0.0,0.0
2010-12-31,0.240191618094148,0.19626260192231273,0.2758191089009662,0.287726671082573,0.0,0.0
2011-01-31,0.2415418346640479,0.19894024437186536,0.27072245810957035,0.2887954628545164,0.0,0.0
2011-02-28,0.2474299430994179,0.20522910838835023,0.2693893800593153,0.2779515684529166,0.0,0.0
2011-03-31,0.2686426163527542,0.2228760902837178,0.27252899306152806,0.23595230030199998,0.0,0.0
2011-04-29,0.26983205145700556,0.22318518384121824,0.26786398441587,0.23911878028590622,0.0,0.0
2011-05-31,0.26889723926716924,0.2216281240260075,0.2665238542350008,0.24295078247182242,0.0,0.0
2011-06-30,0.2661013600385613,0.22067686799970407,0.26888671923146873,0.24433505273026596,0.0,0.0
2011-07-31,0.26346347461494923,0.21920785143058638,0.27208734460226075,0.24524132935220366,0.0,0.0
2011-08-31,0.24158994726565639,0.2029217963653327,0.2956044490971279,0.2598838072718831,0.0,0.0
2011-09-30,0.2381666998533248,0.19641574949843868,0.302027414629246,0.26339013601899053,0.0,0.0
2011-10-31,0.23649772805877484,0.19125776486658233,0.2990224898792334,0.2732220171954094,0.0,0.0
2011-11-30,0.2286799742463127,0.18517604247238612,0.30446296988244553,0.2816810133988557,0.0,0.0
2011-12-30,0.22686314788437587,0.1844343555698971,0.3120834558476413,0.2766190406980856,0.0,0.0
2012-01-31,0.21707411980584398,0.1770348694223986,0.33490377405376304,0.2709872367179944,0.0,0.0
2012-02-29,0.22200435746447453,0.17707419934692545,0.3291261312479073,0.2717953119406927,0.0,0.0
2012-03-30,0.2254126330000509,0.1792804238826207,0.32833130607093636,0.26697563704639204,0.0,0.0
2012-04-30,0.23203013221913113,0.18523576838196046,0.32017508188967675,0.2625590175092317,0.0,0.0
2012-05-31,0.23201156058833328,0.1853591435086094,0.32124163718114584,0.2613876587219115,0.0,0.0
2012-06-29,0.22801371486419675,0.18417136458360897,0.3284185888521529,0.2593963317000414,0.0,0.0
2012-07-31,0.23695575974438784,0.19183817341190243,0.3041324764670932,0.2670735903766166,0.0,0.0
2012-08-31,0.2358041171050657,0.19041711758227384,0.30368095440611637,0.2700978109065442,0.0,0.0
2012-09-30,0.23272427081092986,0.188256932516364,0.3095006432595828,0.2695181534131234,0.0,0.0
2012-10-31,0.21852099611215223,0.1752052497019467,0.2992521860400771,0.30702156814582393,0.0,0.0
2012-11-30,0.21406585507822207,0.1730573010733312,0.2982534710563095,0.31462337279213726,0.0,0.0
2012-12-31,0.21257850804978798,0.17422469900125861,0.2999712488178368,0.3132255441311166,0.0,0.0
2013-01-31,0.2169368834848894,0.18038095626635142,0.29341764517039115,0.3092645150783681,0.0,0.0
2013-02-28,0.2160858941302198,0.18136873808670118,0.290726374362542,0.31181899342053704,0.0,0.0
2013-03-31,0.2251285631761188,0.18848041443703925,0.27855067914802123,0.30784034323882076,0.0,0.0
2013-04-30,0.23637078761528943,0.1951512681884125,0.26723168310783085,0.30124626108846725,0.0,0.0
2013-05-31,0.2427130425942891,0.20505709390136298,0.2607059654978682,0.29152389800647976,0.0,0.0
2013-06-30,0.2485752877498211,0.21674563075850115,0.25733228912550843,0.2773467923661693,0.0,0.0
2013-07-31,0.25977893358736065,0.23280711067979581,0.24519751817449267,0.2622164375583509,0.0,0.0
2013-08-30,0.26483450022867505,0.24047816076250592,0.23421628438443354,0.2604710546243854,0.0,0.0
2013-09-30,0.26693074055152005,0.24148844083833312,0.23017194266154925,0.2614088759485976,0.0,0.0
2013-10-31,0.2610035668857379,0.2473067534382068,0.22474962591193137,0.266940053764124,0.0,0.0
2013-11-29,0.26311238427979866,0.252712995592385,0.2079293695141833,0.27624525061363314,0.0,0.0
2013-12-31,0.26326608163453946,0.24928414823072892,0.20610830431575947,0.2813414658189721,0.0,0.0
2014-01-31,0.26517727952353365,0.2534104760459504,0.19305539082237427,0.28835685360814156,0.0,0.0
2014-02-28,0.2650668050383922,0.254995570082745,0.1871386402383721,0.2927989846404908,0.0,0.0
2014-03-31,0.2683269145498846,0.2594424990856808,0.1886557231720041,0.2835748631924306,0.0,0.0
2014-04-30,0.265259282123783,0.26732297343409,0.1832874532403368,0.28413029120179023,0.0,0.0
2014-05-30,0.2643015094637798,0.2704642885037297,0.17988357014981768,0.28535063188267284,0.0,0.0
2014-06-30,0.2680042297045048,0.2734554792255025,0.1786311712959817,0.279909119774011,0.0,0.0
2014-07-31,0.26676584750605575,0.2735173710884988,0.1751400005007762,0.28457678090466926,0.0,0.0
2014-08-31,0.271606750145166,0.27206402564675325,0.17422132640399476,0.28210789780408607,0.0,0.0
2014-09-30,0.2689470194693296,0.2686539707017402,0.18060735119156424,0.28179165863736594,0.0,0.0
2014-10-31,0.2743246251132381,0.2781852483046709,0.18020711279108473,0.26728301379100633,0.0,0.0
2014-11-30,0.2810370803443065,0.28164478356650696,0.17839071264447562,0.25892742344471087,0.0,0.0
2014-12-31,0.3028618342807992,0.31961652386161216,0.16237995187241408,0.2151416899851746,0.0,0.0
2015-01-30,0.30136132282711753,0.32548411086805235,0.16461562714696662,0.2085389391578635,0.0,0.0
2015-02-27,0.30265952519418854,0.3328491651018075,0.16125494081811978,0.20323636888588423,0.0,0.0
2015-03-31,0.3003940607733384,0.33220823941288996,0.16278659624261782,0.20461110357115378,0.0,0.0
2015-04-30,0.29969562587453097,0.33851099269646445,0.16148980676530075,0.20030357466370383,0.0,0.0
2015-05-31,0.30040224161934836,0.3398427846153124,0.1624215996765654,0.19733337408877383,0.0,0.0
2015-06-30,0.29926274282236903,0.33511180024392395,0.16803968267980776,0.19758577425389928,0.0,0.0
2015-07-31,0.30105422938494003,0.3299551749871281,0.1703523600538103,0.19863823557412164,0.0,0.0
2015-08-31,0.2990811379614677,0.3343122310519092,0.1725066528956066,0.1940999780910166,0.0,0.0
2015-09-30,0.2973975850696641,0.32576168699556723,0.18037077323500011,0.19646995469976858,0.0,0.0
2015-10-30,0.2954551446732416,0.328289444278956,0.18072368059685157,0.19553173045095082,0.0,0.0
2015-11-30,0.30369616578100134,0.3297425123934735,0.17536481990279887,0.19119650192272628,0.0,0.0
2015-12-31,0.301906073437984,0.3258347634795405,0.18451071427150506,0.18774844881097041,0.0,0.0
2016-01-31,0.2987963612970337,0.3211912339883654,0.19065844486633798,0.18935395984826284,0.0,0.0
2016-02-29,0.29456332841015714,0.3168617603372325,0.19609035705449518,0.19248455419811514,0.0,0.0
2016-03-31,0.2963907279946681,0.3138227271887547,0.19554823682690634,0.19423830798967082,0.0,0.0
2016-04-29,0.29795180064504584,0.3132485684825202,0.19518057477486325,0.1936190560975707,0.0,0.0
2016-05-31,0.29828091314580435,0.311382516553296,0.19694425987354536,0.19339231042735433,0.0,0.0
2016-06-30,0.30077676963244887,0.2929775836613373,0.2066060356957134,0.19963961101050048,0.0,0.0
2016-07-31,0.2986356120775993,0.2912014124713933,0.2073829389273541,0.20278003652365337,0.0,0.0
2016-08-31,0.2897999129017488,0.2730832478485843,0.22491727882870594,0.212199560420961,0.0,0.0
2016-09-30,0.2891188731692843,0.2735857043248902,0.22204133832480916,0.21525408418101621,0.0,0.0
2016-10-31,0.29228285929210923,0.27770548355522756,0.21873729019451388,0.21127436695814933,0.0,0.0
2016-11-30,0.2922488088707235,0.27729591518827024,0.21470723544940684,0.2157480404915994,0.0,0.0
2016-12-30,0.2910853837428943,0.2748796286405173,0.21814805496163855,0.21588693265494988,0.0,0.0
2017-01-31,0.2918720396310701,0.27594179236519123,0.21673188344641173,0.21545428455732699,0.0,0.0
2017-02-28,0.29170413111009313,0.2785573419380164,0.21501762071643904,0.21472090623545145,0.0,0.0
2017-03-31,0.29187163060221466,0.27627003905045944,0.21708261975701618,0.21477571059030978,0.0,0.0
2017-04-30,0.2937737098933894,0.2681943946411061,0.21894865941631947,0.21908323604918506,0.0,0.0
2017-05-31,0.29492853657557583,0.2715411118383225,0.21573628774131137,0.21779406384479033,0.0,0.0
2017-06-30,0.29081972613752866,0.27673060583544395,0.22896739965414997,0.2034822683728775,0.0,0.0
2017-07-31,0.2936909920076601,0.27854604548399275,0.2268000235744601,0.20096293893388717,0.0,0.0
2017-08-31,0.29536471769427974,0.2757646261570831,0.22293467383742563,0.20593598231121157,0.0,0.0
2017-09-29,0.2998012471504273,0.28147440257010475,0.21446921822804413,0.2042551320514239,0.0,0.0
2017-10-31,0.30787746335946237,0.29143664889572757,0.20181710602347977,0.1988687817213303,0.0,0.0
2017-11-30,0.29569671988390045,0.29882857938263097,0.20599534424944302,0.19947935648402565,0.0,0.0
2017-12-31,0.294685885120877,0.29746584189916225,0.2070413376128223,0.20080693536713848,0.0,0.0
2018-01-31,0.2963952071868796,0.2995059741662155,0.20213863529257034,0.20196018335433447,0.0,0.0
2018-02-28,0.26958823694419365,0.3342703423422854,0.20085941941800714,0.19528200129551382,0.0,0.0
2018-03-29,0.255481212706473,0.34177742491325747,0.2004770214555506,0.20226434092471884,0.0,0.0
2018-04-30,0.2463984729787314,0.35,0.2002302523282881,0.2033712746929805,0.0,0.0
2018-05-31,0.24011362270169362,0.34220978958219267,0.20519629231974681,0.212480295396367,0.0,0.0
2018-06-29,0.23925353366640645,0.34069289569986355,0.20700420568243907,0.213049364951291,0.0,0.0
2018-07-31,0.23682520451357836,0.3381294782790017,0.21752356224435865,0.20752175496306133,0.0,0.0
2018-08-31,0.2425515756003751,0.33022873620345294,0.218733643709982,0.20848604448619,0.0,0.0
2018-09-30,0.2452420671730242,0.33285237546211993,0.21704861078952867,0.20485694657532733,0.0,0.0
2018-10-31,0.2370391324648375,0.34455176849013597,0.21094927727345497,0.20745982177157163,0.0,0.0
2018-11-30,0.23074390747234305,0.3398097882947125,0.2151779203248103,0.21426838390813419,0.0,0.0
2018-12-31,0.21961448786267793,0.338669439102115,0.2226830848661235,0.21903298816908365,0.0,0.0
2019-01-31,0.21697966500011515,0.3324853679353861,0.2272198055935516,0.2233151614709472,0.0,0.0
2019-02-28,0.2116405559346707,0.3175351979809746,0.23018698223376446,0.24063726385059028,0.0,0.0
2019-03-31,0.16452421888806268,0.25665983900721395,0.19054153511687258,0.19304184304304237,0.19523256394480848,0.0
2019-04-30,0.16759157845647735,0.25850337614489227,0.19185678986603902,0.18302199767796795,0.19902625785462347,0.0
2019-05-31,0.17155803907123582,0.26241941280940656,0.17209706412260478,0.17965814123034696,0.21426734276640583,0.0
2019-06-30,0.1752319454095475,0.26888347972873755,0.16218016267717128,0.1790382257056717,0.21466618647887198,0.0
2019-07-31,0.1751423912228271,0.270446207108449,0.1626021870070506,0.17860958138745373,0.21319963327421956,0.0
2019-08-30,0.1713520468978985,0.2637844475363746,0.16252639616222447,0.18237984974168553,0.2199572596618169,0.0
2019-09-30,0.17359912311858391,0.2664398070612066,0.16077669919229562,0.1783696786263463,0.22081469200156745,0.0
2019-10-31,0.17428295387047205,0.2654276857444865,0.16102738762947177,0.1754543674260852,0.22380760532948446,0.0
2019-11-29,0.17652455650729704,0.26712636885854574,0.1617193965779393,0.17175594110075484,0.2228737369554631,0.0
2019-12-31,0.17787911202065104,0.26910696476605495,0.16040739215392244,0.17131965264293356,0.22128687841643802,0.0
2020-01-31,0.17939351084590419,0.2668170185017635,0.160010861896601,0.17233123234847675,0.2214473764072547,0.0
2020-02-28,0.17566979690490464,0.2592336320340769,0.1634502437894875,0.17380028961896415,0.22784603765256684,0.0
2020-03-31,0.15790807020694886,0.18737682209362405,0.19225711237370818,0.1797300693735433,0.28272792595217566,0.0
2020-04-30,0.15104047814948118,0.17946765902369782,0.1941828800888664,0.17739502924831976,0.2979139534896349,0.0
2020-05-31,0.15264790423044006,0.17876784081751673,0.1992104257025636,0.1734223186036936,0.29595151064578595,0.0
2020-06-30,0.15273114164843604,0.17232012534949892,0.206032473499412,0.17640502999426794,0.29251122950838515,0.0
2020-07-31,0.15628687417337359,0.174285199437151,0.2125038095705336,0.18007972999623423,0.27684438682270757,0.0
2020-08-31,0.15859222352008887,0.1733744060337369,0.21172751741475146,0.18121100336109247,0.2750948496703304,0.0
2020-09-30,0.15613779195073751,0.17329306747805945,0.21002440760226063,0.18289215010733276,0.27765258286160954,0.0
2020-10-30,0.15021589574437041,0.16815082218780963,0.20370509809487847,0.17694791865224763,0.3009802653206939,0.0
2020-11-30,0.14926369046183804,0.16708601673451762,0.20182476921712383,0.17995127965276236,0.30187424393375817,0.0
2020-12-31,0.14798999462028772,0.1643308093700943,0.20722845364778505,0.18019511057840215,0.3002556317834308,0.0
2021-01-31,0.14678971564975515,0.16248588970118433,0.2184582671225148,0.18441761945545368,0.28784850807109214,0.0
2021-02-28,0.1472997978951012,0.16256800317665385,0.21815763341584488,0.17979678347905798,0.29217778203334216,0.0
2021-03-31,0.14620637789622623,0.16475455142156165,0.21398650959745444,0.17439104838308953,0.3006615127016682,0.0
2021-04-30,0.1461748954123477,0.16319961216344375,0.21772207981970898,0.17219269221922498,0.30071072038527447,0.0
2021-05-31,0.14625812889453685,0.16231614150588042,0.22356459748783195,0.17383392244864032,0.2940272096631104,0.0
2021-06-30,0.14663997222887035,0.16212902543092644,0.21886865817345313,0.17487482365870588,0.2974875205080442,0.0
2021-07-30,0.14606183757000485,0.16072274031493566,0.21853871344356354,0.1765277236419618,0.29814898502953424,0.0
2021-08-31,0.14451355527407897,0.15844974260016242,0.215787805433429,0.1745072784825696,0.30674161820976004,0.0
2021-09-30,0.14397509054089755,0.15790945174598114,0.21587854017654415,0.17440874640796375,0.3078281711286134,0.0
2021-10-31,0.13870082427493027,0.15376550171625655,0.21710188064688882,0.18475211641400377,0.30567967694792064,0.0
2021-11-30,0.16631025293610774,0.2019928856639992,0.1941639044835365,0.16860194265732664,0.26893101425903004,0.0
2021-12-31,0.1617431098823712,0.2004993930340178,0.1801167883107546,0.1723474923798213,0.2852932163930352,0.0
2022-01-31,0.15621727433097016,0.21219593782684631,0.17843866874422334,0.1700505081065031,0.2830976109914571,0.0
2022-02-28,0.14291738760280845,0.20044184223109823,0.16002881623197615,0.14661195393411725,0.35,0.0
2022-03-31,0.14311623395065295,0.19238916491214683,0.16431005334128307,0.1515627987262554,0.34862174906966176,0.0
2022-04-29,0.14241121227076992,0.19374027226443927,0.16347786765751568,0.15037064780727513,0.35,0.0
2022-05-31,0.14072738653876793,0.19784734238368853,0.1686405067081459,0.1427847643693977,0.35,0.0
2022-06-30,0.14025128195491118,0.20002282898650936,0.16842721677212807,0.14129867228645146,0.35,0.0
2022-07-31,0.13922188135712485,0.20276219228793266,0.17651225955974006,0.1412621967312411,0.3402414700639614,0.0
2022-08-31,0.13494074670028913,0.20108905397873736,0.1749770681163747,0.13899313120459894,0.35,0.0
2022-09-30,0.134761523393045,0.19789934665363834,0.17950459151469747,0.13783453843861931,0.35,0.0
2022-10-31,0.1325043547886554,0.19177819176494867,0.18270835740391841,0.14300909604247758,0.35,0.0
2022-11-30,0.12917222318854787,0.18248110483554547,0.18903939484925408,0.1493072771266527,0.35,0.0
2022-12-30,0.12920152188755707,0.18498680830203337,0.18896491580918937,0.14684675400122027,0.35,0.0
2023-01-31,0.12567303340780045,0.18199806531190438,0.19569283691022352,0.14663606437007176,0.35,0.0
2023-02-28,0.12418480918446065,0.18385616051734152,0.19506141816529815,0.14689761213289976,0.35,0.0
2023-03-31,0.1241676163672929,0.18218703415995402,0.19644668299748805,0.1471986664752651,0.35,0.0
2023-04-30,0.12411455384583277,0.18215036826183276,0.19726713905325172,0.14646793883908288,0.35,0.0
2023-05-31,0.12432079355630908,0.1827738995822903,0.19706180039449733,0.14584350646690342,0.35,0.0
2023-06-30,0.12422718454818245,0.18114680557461293,0.19731110175547378,0.14731490812173095,0.35,0.0
2023-07-31,0.1222966296100605,0.17748311676144446,0.19857483320225922,0.15164542042623594,0.35,0.0
2023-08-31,0.12260656505155985,0.17574569770147383,0.19762181821929647,0.1540259190276699,0.35,0.0
2023-09-29,0.11258171220641017,0.1477244419489413,0.11228290861063578,0.11952565908259866,0.25024133212903044,0.2576439460223835
2023-10-31,0.11056199504746896,0.13917081668327252,0.10684090905951804,0.11529145439772254,0.25924663112959134,0.2688881936824266
2023-11-30,0.11715142065917285,0.14718692117027138,0.11445484762303723,0.11146283738964197,0.24799598374573179,0.26174798941214483
2023-12-31,0.1210343948786123,0.14637464419411475,0.11708930965608164,0.1086641152169585,0.2487915863977258,0.258045949656507
2024-01-31,0.1258775204141424,0.15611923390985488,0.11849480327214355,0.10940874552975029,0.2393564108843933,0.2507432859897156
2024-02-29,0.12809913602201517,0.15409867673675737,0.11881492678078835,0.11237479624695217,0.23207987188044896,0.25453259233303804
2024-03-31,0.12602716794189603,0.1569104651389688,0.11806189934314688,0.11145770208461958,0.23394628626737662,0.2535964792239921
2024-04-30,0.12543358847987976,0.16226668560291224,0.12183355194313289,0.1102179396949307,0.23504172419959127,0.24520651007955319
2024-05-31,0.12658062816976082,0.16254442171279093,0.12417337699708063,0.112600323832158,0.23561030010851214,0.23849094917969757
2024-06-30,0.13050982559533772,0.16663541788631234,0.12384223044553506,0.11235298109512545,0.23189470223673464,0.2347648427409548
2024-07-31,0.12730135547872645,0.1686209313929138,0.12836838361176783,0.11517020000474358,0.23003966529478292,0.23049946421706535
2024-08-30,0.1265707341669114,0.16395472538234676,0.12278067684989936,0.11699429992683484,0.23525145001203063,0.23444811366197701
2024-09-30,0.12142668242772352,0.17129414753210126,0.12407534606878273,0.11943697796538766,0.2333138591819137,0.23045298682409113
2024-10-31,0.12934399399371693,0.1664171094727656,0.12139694916449847,0.11589822409143517,0.22747715253614342,0.2394665707414404
2024-11-29,0.12866318778132355,0.1695653768072703,0.12257264296583556,0.11512982635160801,0.2288485379981772,0.23522042809578544
2024-12-31,0.12995841842922806,0.17074976488565238,0.12877307099710658,0.11610775175697478,0.22225401805669587,0.23215697587434242
2025-01-31,0.13001669020855522,0.16708940600192557,0.13078849880532875,0.11249727541178067,0.21692732697804598,0.2426808025943639
2025-02-28,0.12818883195610267,0.17393278947652122,0.12498739805124226,0.1144585252862266,0.2254649911614688,0.23296746406843843
2025-03-31,0.1257779456696882,0.16877508882102338,0.13059940858518895,0.11453911386593818,0.21532998606416512,0.2449784569939962
2025-04-30,0.112747743808247,0.15509302335683625,0.13610820176857008,0.11764605519034411,0.22726914975321824,0.2511358261227843
2025-05-30,0.11209458293859513,0.1573526979731428,0.13812748716005954,0.11766776769761182,0.22497680121057748,0.24978066302001325
2025-06-30,0.11416994208642228,0.1596827158197312,0.14023554743216518,0.11675405521261926,0.22240325719847853,0.24675448225058355
2025-07-31,0.11366322588320713,0.1565705645053391,0.14042784139264117,0.11689364710969385,0.22649303831704407,0.24595168279207455
2025-08-31,0.11189865977304107,0.15707269257603595,0.14403054070883464,0.12094836572969024,0.21529105507517182,0.2507586861372263
2025-09-30,0.11257370736545949,0.15833947548198404,0.13999547304118296,0.11227392763520376,0.21993809347724816,0.2568793229989216
2025-10-31,0.11143256119219509,0.15696585866634108,0.14297116297995677,0.11019263357223988,0.2204613915368114,0.25797639205245576
2025-11-30,0.11109068530815801,0.15529701490453424,0.14502009732980017,0.11113989969019548,0.22057109913495557,0.25688120363235656
2025-12-31,0.11047096202331144,0.15364232341769954,0.14215701338910944,0.10987746211982312,0.21557649849246083,0.2682757405575957
2026-01-30,0.10871837283272885,0.1496133116461412,0.14203738898465462,0.1071219080626639,0.21202753488681209,0.2804814835869994
2026-02-27,0.10726662508541283,0.14555653451989442,0.1414839938706436,0.10522401006122545,0.21288372032730288,0.2875851161355209
2026-03-31,0.10945864589757526,0.13672020346449668,0.14388034743200706,0.10293366569754564,0.21032646819350923,0.29668066931486625
2026-04-30,0.10623230321559825,0.1335359379968351,0.15505895833096414,0.09924114799194578,0.2041120935675813,0.30181955889707546
2026-05-29,0.10259413798025528,0.13092983576971826,0.15647914599628754,0.10348784244981167,0.2048345318371281,0.3016745059667992
