,Actual_Return,Prediction,Position_Binary (t=0),Position_Binary (t=opt),Position_Scaled,Position_Adaptive,Equity_Binary (t=0),Equity_Binary (t=opt),Equity_Scaled,Equity_Adaptive,BnH_Equity
2009-12-25,-0.9245,-0.0048,0.0000,0.0000,0.0000,0.0000,1.0000,1.0000,1.0000,1.0000,0.9908
2010-01-01,2.8087,0.0067,1.0000,0.0000,0.0133,1.0000,1.0279,1.0000,1.0004,1.0279,1.0186
2010-01-08,-0.8118,-0.0855,0.0000,0.0000,0.0000,0.0000,1.0277,1.0000,1.0004,1.0277,1.0103
2010-01-15,-3.8983,-0.0603,0.0000,0.0000,0.0000,0.0000,1.0277,1.0000,1.0004,1.0277,0.9709
2010-01-22,-1.6666,0.1477,1.0000,0.0000,0.2955,1.0000,1.0103,1.0000,0.9954,1.0103,0.9547
2010-01-29,-0.6798,0.0491,1.0000,0.0000,0.0982,1.0000,1.0035,1.0000,0.9947,1.0035,0.9483
2010-02-05,1.2938,0.0969,1.0000,0.0000,0.1938,1.0000,1.0165,1.0000,0.9972,1.0165,0.9605
2010-02-12,2.8694,0.0082,1.0000,0.0000,0.0163,1.0000,1.0456,1.0000,0.9976,1.0456,0.9881
2010-02-19,-0.3599,-0.0899,0.0000,0.0000,0.0000,0.0000,1.0454,1.0000,0.9976,1.0454,0.9845
2010-02-26,3.1696,-0.0276,0.0000,0.0000,0.0000,0.0000,1.0454,1.0000,0.9976,1.0454,1.0157
2010-03-05,1.0590,0.0303,1.0000,0.0000,0.0606,1.0000,1.0563,1.0000,0.9982,1.0563,1.0265
2010-03-12,0.8554,0.0356,1.0000,0.0000,0.0711,1.0000,1.0653,1.0000,0.9988,1.0653,1.0353
2010-03-19,0.5259,0.0485,1.0000,0.0000,0.0970,1.0000,1.0709,1.0000,0.9993,1.0709,1.0407
2010-03-26,1.0466,0.0334,1.0000,0.0000,0.0668,1.0000,1.0821,1.0000,1.0000,1.0821,1.0516
2010-04-02,1.4856,0.0126,1.0000,0.0000,0.0252,1.0000,1.0982,1.0000,1.0004,1.0982,1.0672
2010-04-09,-0.1590,-0.0629,0.0000,0.0000,0.0000,0.0000,1.0980,1.0000,1.0004,1.0980,1.0655
2010-04-16,2.0526,0.0299,1.0000,0.0000,0.0597,1.0000,1.1203,1.0000,1.0016,1.1203,1.0874
2010-04-23,-2.4628,0.0152,1.0000,0.0000,0.0303,1.0000,1.0927,1.0000,1.0008,1.0927,1.0606
2010-04-30,-6.3548,0.0556,1.0000,0.0000,0.1112,1.0000,1.0233,1.0000,0.9937,1.0233,0.9932
2010-05-07,2.3639,0.4142,1.0000,1.0000,0.8284,1.0000,1.0475,1.0234,1.0131,1.0475,1.0167
2010-05-14,-4.1970,-0.1618,0.0000,0.0000,0.0000,0.0000,1.0473,1.0232,1.0129,1.0473,0.9740
2010-05-21,0.2384,0.2285,1.0000,0.0000,0.4569,1.0000,1.0495,1.0232,1.0139,1.0495,0.9764
2010-05-28,-2.3316,-0.1319,0.0000,0.0000,0.0000,0.0000,1.0493,1.0232,1.0138,1.0493,0.9536
2010-06-04,2.6775,-0.1820,0.0000,0.0000,0.0000,0.0000,1.0493,1.0232,1.0138,1.0493,0.9791
2010-06-11,2.3536,-0.0322,0.0000,0.0000,0.0000,0.0000,1.0493,1.0232,1.0138,1.0493,1.0022
2010-06-18,-3.4547,-0.0773,0.0000,0.0000,0.0000,0.0000,1.0493,1.0232,1.0138,1.0493,0.9675
2010-06-25,-5.2564,0.0841,1.0000,0.0000,0.1682,1.0000,0.9940,1.0232,1.0048,0.9940,0.9167
2010-07-02,5.6361,0.6467,1.0000,1.0000,1.0000,1.0000,1.0500,1.0807,1.0613,1.0500,0.9684
2010-07-09,-1.2042,-0.0603,0.0000,0.0000,0.0000,0.0000,1.0498,1.0805,1.0611,1.0498,0.9567
2010-07-16,3.5159,0.0019,1.0000,0.0000,0.0038,1.0000,1.0865,1.0805,1.0612,1.0865,0.9903
2010-07-23,-0.1269,-0.1376,0.0000,0.0000,0.0000,0.0000,1.0863,1.0805,1.0612,1.0863,0.9891
2010-07-30,1.9226,0.0846,1.0000,0.0000,0.1692,1.0000,1.1069,1.0805,1.0646,1.1069,1.0081
2010-08-06,-3.6302,-0.1294,0.0000,0.0000,0.0000,0.0000,1.1067,1.0805,1.0646,1.1067,0.9715
2010-08-13,-0.7202,0.2992,1.0000,1.0000,0.5984,1.0000,1.0985,1.0725,1.0599,1.0985,0.9645
2010-08-20,-0.6231,0.2278,1.0000,0.0000,0.4556,1.0000,1.0917,1.0723,1.0568,1.0917,0.9585
2010-08-27,3.7713,0.3624,1.0000,1.0000,0.7248,1.0000,1.1328,1.1125,1.0857,1.1328,0.9946
2010-09-03,0.5320,0.1208,1.0000,0.0000,0.2415,0.0000,1.1389,1.1123,1.0870,1.1326,0.9999
2010-09-10,1.4462,0.0533,1.0000,0.0000,0.1065,0.0000,1.1553,1.1123,1.0886,1.1326,1.0144
2010-09-17,2.0714,-0.1162,0.0000,0.0000,0.0000,0.0000,1.1551,1.1123,1.0886,1.1326,1.0354
2010-09-24,-0.1829,-0.0057,0.0000,0.0000,0.0000,0.0000,1.1551,1.1123,1.0886,1.1326,1.0335
2010-10-01,1.6839,-0.0193,0.0000,0.0000,0.0000,0.0000,1.1551,1.1123,1.0886,1.1326,1.0509
2010-10-08,0.9954,-0.1287,0.0000,0.0000,0.0000,0.0000,1.1551,1.1123,1.0886,1.1326,1.0614
2010-10-15,0.5523,-0.0060,0.0000,0.0000,0.0000,0.0000,1.1551,1.1123,1.0886,1.1326,1.0672
2010-10-22,0.1182,0.0991,1.0000,0.0000,0.1982,0.0000,1.1562,1.1123,1.0888,1.1326,1.0685
2010-10-29,3.5699,-0.0696,0.0000,0.0000,0.0000,0.0000,1.1560,1.1123,1.0887,1.1326,1.1066
2010-11-05,-2.0535,-0.0206,0.0000,0.0000,0.0000,1.0000,1.1560,1.1123,1.0887,1.1091,1.0839
2010-11-12,0.0750,-0.2040,0.0000,0.0000,0.0000,0.0000,1.1560,1.1123,1.0887,1.1089,1.0847
2010-11-19,-1.2387,-0.0589,0.0000,0.0000,0.0000,0.0000,1.1560,1.1123,1.0887,1.1089,1.0713
2010-11-26,3.4427,-0.0231,0.0000,0.0000,0.0000,1.0000,1.1560,1.1123,1.0887,1.1469,1.1082
2010-12-03,1.2939,-0.1400,0.0000,0.0000,0.0000,1.0000,1.1560,1.1123,1.0887,1.1617,1.1225
2010-12-10,0.3806,-0.2254,0.0000,0.0000,0.0000,0.0000,1.1560,1.1123,1.0887,1.1615,1.1268
2010-12-17,1.0458,-0.0440,0.0000,0.0000,0.0000,1.0000,1.1560,1.1123,1.0887,1.1734,1.1386
2010-12-24,0.1194,-0.0290,0.0000,0.0000,0.0000,1.0000,1.1560,1.1123,1.0887,1.1748,1.1399
2010-12-31,1.1054,-0.0394,0.0000,0.0000,0.0000,1.0000,1.1560,1.1123,1.0887,1.1878,1.1525
2011-01-07,1.6990,-0.0513,0.0000,0.0000,0.0000,1.0000,1.1560,1.1123,1.0887,1.2079,1.1721
2011-01-14,-0.7194,0.0295,1.0000,0.0000,0.0591,1.0000,1.1475,1.1123,1.0883,1.1993,1.1637
2011-01-21,-0.5063,-0.1854,0.0000,0.0000,0.0000,1.0000,1.1472,1.1123,1.0883,1.1932,1.1578
2011-01-28,2.6856,-0.0358,0.0000,0.0000,0.0000,1.0000,1.1472,1.1123,1.0883,1.2252,1.1889
2011-02-04,1.4945,-0.1427,0.0000,0.0000,0.0000,1.0000,1.1472,1.1123,1.0883,1.2435,1.2066
2011-02-11,1.0667,-0.0928,0.0000,0.0000,0.0000,1.0000,1.1472,1.1123,1.0883,1.2568,1.2195
2011-02-18,-1.6353,-0.1652,0.0000,0.0000,0.0000,1.0000,1.1472,1.1123,1.0883,1.2363,1.1996
2011-02-25,0.1059,0.0006,1.0000,0.0000,0.0012,1.0000,1.1482,1.1123,1.0883,1.2376,1.2008
2011-03-04,-1.2305,-0.2017,0.0000,0.0000,0.0000,0.0000,1.1480,1.1123,1.0883,1.2373,1.1861
2011-03-11,-1.9298,-0.0670,0.0000,0.0000,0.0000,1.0000,1.1480,1.1123,1.0883,1.2132,1.1632
2011-03-18,2.7708,0.1560,1.0000,0.0000,0.3121,1.0000,1.1796,1.1123,1.0976,1.2468,1.1954
2011-03-25,1.4090,-0.0164,0.0000,0.0000,0.0000,1.0000,1.1793,1.1123,1.0975,1.2644,1.2122
2011-04-01,-0.2179,-0.0353,0.0000,0.0000,0.0000,1.0000,1.1793,1.1123,1.0975,1.2616,1.2096
2011-04-08,-0.6171,-0.0970,0.0000,0.0000,0.0000,1.0000,1.1793,1.1123,1.0975,1.2538,1.2021
2011-04-15,1.3178,-0.0451,0.0000,0.0000,0.0000,1.0000,1.1793,1.1123,1.0975,1.2704,1.2180
2011-04-22,1.9808,0.1186,1.0000,0.0000,0.2373,1.0000,1.2025,1.1123,1.1026,1.2955,1.2421
2011-04-29,-1.6344,-0.0054,0.0000,0.0000,0.0000,1.0000,1.2022,1.1123,1.1026,1.2743,1.2218
2011-05-06,-0.1192,-0.0666,0.0000,0.0000,0.0000,1.0000,1.2022,1.1123,1.1026,1.2728,1.2204
2011-05-13,-0.3208,0.0296,1.0000,0.0000,0.0591,1.0000,1.1981,1.1123,1.1024,1.2687,1.2164
2011-05-20,-0.0749,-0.2222,0.0000,0.0000,0.0000,0.0000,1.1979,1.1123,1.1024,1.2685,1.2155
2011-05-27,-2.3145,-0.0660,0.0000,0.0000,0.0000,1.0000,1.1979,1.1123,1.1024,1.2389,1.1874
2011-06-03,-2.1622,-0.1889,0.0000,0.0000,0.0000,0.0000,1.1979,1.1123,1.1024,1.2386,1.1617
2011-06-10,0.0627,-0.1121,0.0000,0.0000,0.0000,0.0000,1.1979,1.1123,1.1024,1.2386,1.1624
2011-06-17,-0.1889,-0.2598,0.0000,0.0000,0.0000,0.0000,1.1979,1.1123,1.1024,1.2386,1.1603
2011-06-24,5.6068,0.0057,1.0000,0.0000,0.0113,1.0000,1.2648,1.1123,1.1031,1.3078,1.2253
2011-07-01,0.3585,0.0125,1.0000,0.0000,0.0249,1.0000,1.2693,1.1123,1.1031,1.3125,1.2297
2011-07-08,-2.0164,-0.1125,0.0000,0.0000,0.0000,0.0000,1.2691,1.1123,1.1031,1.3122,1.2049
2011-07-15,2.1945,-0.0292,0.0000,0.0000,0.0000,1.0000,1.2691,1.1123,1.1031,1.3408,1.2313
2011-07-22,-3.9011,0.0180,1.0000,0.0000,0.0360,1.0000,1.2193,1.1123,1.1016,1.2885,1.1833
2011-07-29,-7.1522,0.0754,1.0000,0.0000,0.1508,1.0000,1.1321,1.1123,1.0897,1.1963,1.0987
2011-08-05,-1.6323,0.1506,1.0000,0.0000,0.3011,1.0000,1.1136,1.1123,1.0843,1.1768,1.0807
2011-08-12,-4.6393,0.1744,1.0000,0.0000,0.3488,1.0000,1.0620,1.1123,1.0667,1.1222,1.0306
2011-08-19,4.7319,0.0018,1.0000,0.0000,0.0037,0.0000,1.1122,1.1123,1.0668,1.1220,1.0794
2011-08-26,-0.1018,0.0309,1.0000,0.0000,0.0619,1.0000,1.1111,1.1123,1.0668,1.1206,1.0783
2011-09-02,-1.6376,0.1011,1.0000,0.0000,0.2022,1.0000,1.0929,1.1123,1.0632,1.1023,1.0606
2011-09-09,5.3732,0.1675,1.0000,0.0000,0.3350,0.0000,1.1516,1.1123,1.0823,1.1020,1.1176
2011-09-16,-6.5668,0.1540,1.0000,0.0000,0.3080,1.0000,1.0760,1.1123,1.0604,1.0294,1.0442
2011-09-23,-0.3435,0.3734,1.0000,1.0000,0.7469,1.0000,1.0723,1.1082,1.0576,1.0259,1.0406
2011-09-30,2.2625,0.0702,1.0000,0.0000,0.1405,0.0000,1.0966,1.1080,1.0608,1.0257,1.0642
2011-10-07,5.9285,0.2851,1.0000,1.0000,0.5702,0.0000,1.1616,1.1735,1.0966,1.0257,1.1273
2011-10-14,1.1423,-0.0934,0.0000,0.0000,0.0000,0.0000,1.1613,1.1732,1.0965,1.0257,1.1401
2011-10-21,3.7348,0.0777,1.0000,0.0000,0.1554,0.0000,1.2045,1.1732,1.1028,1.0257,1.1827
2011-10-28,-2.4261,0.1136,1.0000,0.0000,0.2273,0.0000,1.1752,1.1732,1.0967,1.0257,1.1540
2011-11-04,0.9403,0.1721,1.0000,0.0000,0.3443,0.0000,1.1863,1.1732,1.1002,1.0257,1.1649
2011-11-11,-3.6949,-0.0063,0.0000,0.0000,0.0000,0.0000,1.1861,1.1732,1.1002,1.0257,1.1218
2011-11-18,-4.6237,0.1590,1.0000,0.0000,0.3180,0.0000,1.1310,1.1732,1.0839,1.0257,1.0700
2011-11-25,7.3233,0.1412,1.0000,0.0000,0.2824,0.0000,1.2138,1.1732,1.1063,1.0257,1.1483
2011-12-02,0.9531,0.0468,1.0000,0.0000,0.0936,0.0000,1.2254,1.1732,1.1073,1.0257,1.1593
2011-12-09,-2.9265,0.1721,1.0000,0.0000,0.3443,0.0000,1.1895,1.1732,1.0961,1.0257,1.1253
2011-12-16,3.9477,0.0808,1.0000,0.0000,0.1616,0.0000,1.2365,1.1732,1.1030,1.0257,1.1698
2011-12-23,-0.7041,0.1586,1.0000,0.0000,0.3171,0.0000,1.2278,1.1732,1.1005,1.0257,1.1615
2011-12-30,1.7609,0.1149,1.0000,0.0000,0.2299,0.0000,1.2494,1.1732,1.1050,1.0257,1.1820
2012-01-06,0.8849,-0.0128,0.0000,0.0000,0.0000,0.0000,1.2491,1.1732,1.1049,1.0257,1.1924
2012-01-13,2.4138,-0.1611,0.0000,0.0000,0.0000,0.0000,1.2491,1.1732,1.1049,1.0257,1.2212
2012-01-20,-0.0985,-0.0437,0.0000,0.0000,0.0000,0.0000,1.2491,1.1732,1.1049,1.0257,1.2200
2012-01-27,2.0634,0.0578,1.0000,0.0000,0.1156,0.0000,1.2747,1.1732,1.1075,1.0257,1.2452
2012-02-03,-0.1337,-0.2165,0.0000,0.0000,0.0000,1.0000,1.2744,1.1732,1.1075,1.0241,1.2435
2012-02-10,1.5258,-0.0855,0.0000,0.0000,0.0000,1.0000,1.2744,1.1732,1.1075,1.0398,1.2625
2012-02-17,0.3811,-0.1683,0.0000,0.0000,0.0000,1.0000,1.2744,1.1732,1.1075,1.0437,1.2673
2012-02-24,0.2776,-0.1129,0.0000,0.0000,0.0000,1.0000,1.2744,1.1732,1.1075,1.0466,1.2708
2012-03-02,0.1894,-0.1431,0.0000,0.0000,0.0000,1.0000,1.2744,1.1732,1.1075,1.0486,1.2732
2012-03-09,2.4314,-0.0233,0.0000,0.0000,0.0000,1.0000,1.2744,1.1732,1.1075,1.0741,1.3042
2012-03-16,-0.4633,-0.1658,0.0000,0.0000,0.0000,1.0000,1.2744,1.1732,1.1075,1.0691,1.2982
2012-03-23,0.8306,-0.0608,0.0000,0.0000,0.0000,1.0000,1.2744,1.1732,1.1075,1.0780,1.3089
2012-03-30,-0.7244,-0.1417,0.0000,0.0000,0.0000,1.0000,1.2744,1.1732,1.1075,1.0702,1.2995
2012-04-06,-1.8957,-0.1199,0.0000,0.0000,0.0000,1.0000,1.2744,1.1732,1.1075,1.0499,1.2748
2012-04-13,0.5907,-0.1031,0.0000,0.0000,0.0000,1.0000,1.2744,1.1732,1.1075,1.0561,1.2823
2012-04-20,1.7688,-0.2212,0.0000,0.0000,0.0000,0.0000,1.2744,1.1732,1.1075,1.0559,1.3050
2012-04-27,-2.4147,-0.1176,0.0000,0.0000,0.0000,1.0000,1.2744,1.1732,1.1075,1.0302,1.2735
2012-05-04,-1.0146,-0.2170,0.0000,0.0000,0.0000,1.0000,1.2744,1.1732,1.1075,1.0197,1.2606
2012-05-11,-4.3285,-0.1203,0.0000,0.0000,0.0000,0.0000,1.2744,1.1732,1.1075,1.0195,1.2060
2012-05-18,1.8190,-0.0341,0.0000,0.0000,0.0000,1.0000,1.2744,1.1732,1.1075,1.0379,1.2280
2012-05-25,-2.9825,-0.1098,0.0000,0.0000,0.0000,0.0000,1.2744,1.1732,1.1075,1.0377,1.1913
2012-06-01,3.8545,-0.0434,0.0000,0.0000,0.0000,1.0000,1.2744,1.1732,1.1075,1.0774,1.2373
2012-06-08,1.3036,-0.0973,0.0000,0.0000,0.0000,1.0000,1.2744,1.1732,1.1075,1.0915,1.2534
2012-06-15,-0.5069,-0.2710,0.0000,0.0000,0.0000,0.0000,1.2744,1.1732,1.1075,1.0913,1.2470
2012-06-22,1.9781,-0.0055,0.0000,0.0000,0.0000,1.0000,1.2744,1.1732,1.1075,1.1126,1.2717
2012-06-29,-0.4482,0.0205,1.0000,0.0000,0.0409,1.0000,1.2684,1.1732,1.1073,1.1077,1.2660
2012-07-06,0.1920,-0.0996,0.0000,0.0000,0.0000,1.0000,1.2682,1.1732,1.1073,1.1098,1.2684
2012-07-13,0.5303,0.0508,1.0000,0.0000,0.1017,1.0000,1.2747,1.1732,1.1078,1.1157,1.2752
2012-07-20,1.6194,-0.0385,0.0000,0.0000,0.0000,1.0000,1.2744,1.1732,1.1078,1.1337,1.2958
2012-07-27,0.4832,0.0518,1.0000,0.0000,0.1037,1.0000,1.2803,1.1732,1.1084,1.1392,1.3021
2012-08-03,1.0692,0.0171,1.0000,0.0000,0.0343,1.0000,1.2940,1.1732,1.1087,1.1514,1.3160
2012-08-10,0.9514,-0.0042,0.0000,0.0000,0.0000,1.0000,1.2937,1.1732,1.1087,1.1623,1.3285
2012-08-17,-0.4712,0.0631,1.0000,0.0000,0.1262,1.0000,1.2874,1.1732,1.1080,1.1569,1.3223
2012-08-24,-0.2473,0.1005,1.0000,0.0000,0.2009,1.0000,1.2842,1.1732,1.1075,1.1540,1.3190
2012-08-31,2.2456,0.0888,1.0000,0.0000,0.1777,1.0000,1.3130,1.1732,1.1119,1.1799,1.3486
2012-09-07,2.0162,0.0907,1.0000,0.0000,0.1814,1.0000,1.3395,1.1732,1.1160,1.2037,1.3758
2012-09-14,-0.4017,0.1082,1.0000,0.0000,0.2163,1.0000,1.3341,1.1732,1.1150,1.1989,1.3703
2012-09-21,-1.3025,0.0876,1.0000,0.0000,0.1752,1.0000,1.3168,1.1732,1.1124,1.1833,1.3524
2012-09-28,1.5073,0.1758,1.0000,0.0000,0.3517,1.0000,1.3366,1.1732,1.1183,1.2011,1.3728
2012-10-05,-2.2239,0.0606,1.0000,0.0000,0.1211,1.0000,1.3069,1.1732,1.1152,1.1744,1.3423
2012-10-12,0.3499,0.1494,1.0000,0.0000,0.2987,1.0000,1.3115,1.1732,1.1163,1.1785,1.3470
2012-10-19,-1.4227,0.0255,1.0000,0.0000,0.0510,1.0000,1.2928,1.1732,1.1155,1.1617,1.3278
2012-10-26,0.1486,0.1558,1.0000,0.0000,0.3115,1.0000,1.2947,1.1732,1.1159,1.1635,1.3298
2012-11-02,-2.4018,0.0530,1.0000,0.0000,0.1061,1.0000,1.2636,1.1732,1.1131,1.1355,1.2978
2012-11-09,-1.2956,0.1323,1.0000,0.0000,0.2646,1.0000,1.2472,1.1732,1.1092,1.1208,1.2810
2012-11-16,3.6518,0.0715,1.0000,0.0000,0.1429,1.0000,1.2928,1.1732,1.1150,1.1617,1.3278
2012-11-23,0.5660,0.1027,1.0000,0.0000,0.2054,1.0000,1.3001,1.1732,1.1162,1.1683,1.3353
2012-11-30,0.1829,0.1873,1.0000,0.0000,0.3746,1.0000,1.3025,1.1732,1.1170,1.1704,1.3378
2012-12-07,-0.2176,0.0753,1.0000,0.0000,0.1506,1.0000,1.2997,1.1732,1.1166,1.1679,1.3349
2012-12-14,1.1982,0.1033,1.0000,0.0000,0.2067,1.0000,1.3152,1.1732,1.1193,1.1819,1.3509
2012-12-21,-1.9329,0.0595,1.0000,0.0000,0.1190,1.0000,1.2898,1.1732,1.1167,1.1590,1.3247
2012-12-28,4.5276,0.2461,1.0000,0.0000,0.4922,1.0000,1.3482,1.1732,1.1415,1.2115,1.3847
2013-01-04,0.4782,0.0349,1.0000,0.0000,0.0697,1.0000,1.3546,1.1732,1.1418,1.2173,1.3913
2013-01-11,0.8567,0.0832,1.0000,0.0000,0.1664,1.0000,1.3663,1.1732,1.1434,1.2277,1.4033
2013-01-18,1.2944,0.1420,1.0000,0.0000,0.2839,1.0000,1.3839,1.1732,1.1476,1.2436,1.4214
2013-01-25,0.6589,0.1350,1.0000,0.0000,0.2700,1.0000,1.3931,1.1732,1.1496,1.2518,1.4308
2013-02-01,0.3703,0.0619,1.0000,0.0000,0.1237,1.0000,1.3982,1.1732,1.1501,1.2565,1.4361
2013-02-08,0.2042,0.0315,1.0000,0.0000,0.0629,1.0000,1.4011,1.1732,1.1502,1.2590,1.4390
2013-02-15,-0.1447,0.0153,1.0000,0.0000,0.0306,0.0000,1.3990,1.1732,1.1502,1.2588,1.4369
2013-02-22,0.1449,0.1275,1.0000,0.0000,0.2550,1.0000,1.4011,1.1732,1.1506,1.2604,1.4390
2013-03-01,2.1892,0.1109,1.0000,0.0000,0.2217,1.0000,1.4317,1.1732,1.1561,1.2879,1.4705
2013-03-08,0.6968,0.0602,1.0000,0.0000,0.1204,0.0000,1.4417,1.1732,1.1571,1.2877,1.4808
2013-03-15,-0.1476,-0.0118,0.0000,0.0000,0.0000,0.0000,1.4414,1.1732,1.1571,1.2877,1.4786
2013-03-22,0.6877,0.1069,1.0000,0.0000,0.2138,1.0000,1.4511,1.1732,1.1587,1.2963,1.4888
2013-03-29,-0.9638,0.0387,1.0000,0.0000,0.0774,0.0000,1.4371,1.1732,1.1578,1.2960,1.4744
2013-04-05,2.3459,-0.0344,0.0000,0.0000,0.0000,0.0000,1.4368,1.1732,1.1578,1.2960,1.5090
2013-04-12,-2.0907,0.0441,1.0000,0.0000,0.0882,1.0000,1.4065,1.1732,1.1556,1.2687,1.4774
2013-04-19,1.7752,0.0981,1.0000,0.0000,0.1962,1.0000,1.4314,1.1732,1.1596,1.2912,1.5037
2013-04-26,1.9780,-0.0610,0.0000,0.0000,0.0000,0.0000,1.4311,1.1732,1.1596,1.2909,1.5334
2013-05-03,1.2642,-0.1283,0.0000,0.0000,0.0000,1.0000,1.4311,1.1732,1.1596,1.3070,1.5528
2013-05-10,2.1602,-0.0544,0.0000,0.0000,0.0000,1.0000,1.4311,1.1732,1.1596,1.3352,1.5863
2013-05-17,-0.9765,-0.0210,0.0000,0.0000,0.0000,1.0000,1.4311,1.1732,1.1596,1.3222,1.5709
2013-05-24,-1.1251,-0.0171,0.0000,0.0000,0.0000,1.0000,1.4311,1.1732,1.1596,1.3073,1.5532
2013-05-31,0.8260,0.0703,1.0000,0.0000,0.1406,1.0000,1.4427,1.1732,1.1609,1.3181,1.5660
2013-06-07,-0.9831,0.1245,1.0000,0.0000,0.2489,1.0000,1.4285,1.1732,1.1580,1.3052,1.5506
2013-06-14,-2.0028,-0.0767,0.0000,0.0000,0.0000,1.0000,1.4282,1.1732,1.1580,1.2790,1.5196
2013-06-21,0.8486,0.0846,1.0000,0.0000,0.1692,1.0000,1.4400,1.1732,1.1596,1.2899,1.5325
2013-06-28,1.6208,0.0854,1.0000,0.0000,0.1708,1.0000,1.4634,1.1732,1.1628,1.3108,1.5573
2013-07-05,2.7542,0.0315,1.0000,0.0000,0.0630,1.0000,1.5037,1.1732,1.1648,1.3469,1.6002
2013-07-12,0.9910,0.1151,1.0000,0.0000,0.2302,1.0000,1.5186,1.1732,1.1674,1.3602,1.6160
2013-07-19,-0.0355,0.1469,1.0000,0.0000,0.2938,1.0000,1.5180,1.1732,1.1673,1.3597,1.6155
2013-07-26,1.0881,0.1605,1.0000,0.0000,0.3211,1.0000,1.5346,1.1732,1.1714,1.3745,1.6330
2013-08-02,-0.9593,0.1447,1.0000,0.0000,0.2895,1.0000,1.5198,1.1732,1.1681,1.3614,1.6174
2013-08-09,-2.0555,0.1389,1.0000,0.0000,0.2777,1.0000,1.4886,1.1732,1.1614,1.3334,1.5841
2013-08-16,0.4764,0.1529,1.0000,0.0000,0.3059,1.0000,1.4957,1.1732,1.1631,1.3397,1.5917
2013-08-23,-1.7825,0.0802,1.0000,0.0000,0.1603,1.0000,1.4690,1.1732,1.1598,1.3158,1.5633
2013-08-30,1.4605,0.1514,1.0000,0.0000,0.3028,1.0000,1.4905,1.1732,1.1649,1.3351,1.5861
2013-09-06,1.9815,0.0869,1.0000,0.0000,0.1737,1.0000,1.5200,1.1732,1.1688,1.3615,1.6176
2013-09-13,1.3123,0.1220,1.0000,0.0000,0.2440,1.0000,1.5400,1.1732,1.1726,1.3794,1.6388
2013-09-20,-1.0602,0.1709,1.0000,0.0000,0.3417,1.0000,1.5236,1.1732,1.1683,1.3648,1.6214
2013-09-27,-0.0118,0.2128,1.0000,0.0000,0.4256,1.0000,1.5235,1.1732,1.1682,1.3646,1.6212
2013-10-04,0.8111,0.1259,1.0000,0.0000,0.2518,1.0000,1.5358,1.1732,1.1706,1.3757,1.6344
2013-10-11,2.4257,0.1309,1.0000,0.0000,0.2618,1.0000,1.5731,1.1732,1.1780,1.4090,1.6740
2013-10-18,0.8946,0.1033,1.0000,0.0000,0.2066,1.0000,1.5871,1.1732,1.1802,1.4216,1.6890
2013-10-25,0.1478,0.1433,1.0000,0.0000,0.2865,1.0000,1.5895,1.1732,1.1806,1.4237,1.6915
2013-11-01,0.6129,0.1703,1.0000,0.0000,0.3405,1.0000,1.5992,1.1732,1.1831,1.4325,1.7019
2013-11-08,1.5568,0.1287,1.0000,0.0000,0.2574,1.0000,1.6241,1.1732,1.1878,1.4548,1.7284
2013-11-15,0.4221,0.1150,1.0000,0.0000,0.2301,1.0000,1.6310,1.1732,1.1890,1.4609,1.7357
2013-11-22,0.1051,0.0683,1.0000,0.0000,0.1366,1.0000,1.6327,1.1732,1.1891,1.4624,1.7375
2013-11-29,-0.0331,0.0594,1.0000,0.0000,0.1188,1.0000,1.6322,1.1732,1.1891,1.4620,1.7369
2013-12-06,-1.5641,0.1373,1.0000,0.0000,0.2745,1.0000,1.6066,1.1732,1.1839,1.4391,1.7097
2013-12-13,2.4904,0.0679,1.0000,0.0000,0.1359,1.0000,1.6466,1.1732,1.1879,1.4749,1.7523
2013-12-20,1.2613,0.3115,1.0000,1.0000,0.6230,1.0000,1.6674,1.1878,1.1971,1.4935,1.7744
2013-12-27,-0.5222,0.1427,1.0000,0.0000,0.2854,1.0000,1.6587,1.1876,1.1952,1.4857,1.7652
2014-01-03,0.6835,0.0870,1.0000,0.0000,0.1740,1.0000,1.6700,1.1876,1.1966,1.4959,1.7772
2014-01-10,-0.2715,0.2138,1.0000,0.0000,0.4275,1.0000,1.6655,1.1876,1.1952,1.4918,1.7724
2014-01-17,-2.5865,0.0727,1.0000,0.0000,0.1454,1.0000,1.6224,1.1876,1.1906,1.4532,1.7265
2014-01-24,-0.3969,0.4698,1.0000,1.0000,0.9395,1.0000,1.6160,1.1826,1.1860,1.4475,1.7197
2014-01-31,0.8419,-0.0035,0.0000,0.0000,0.0000,1.0000,1.6157,1.1824,1.1858,1.4597,1.7342
2014-02-07,2.4154,0.4349,1.0000,1.0000,0.8699,1.0000,1.6544,1.2107,1.2105,1.4949,1.7761
2014-02-14,-0.0706,0.0925,1.0000,0.0000,0.1851,1.0000,1.6532,1.2105,1.2102,1.4939,1.7748
2014-02-21,1.3051,0.4198,1.0000,1.0000,0.8396,1.0000,1.6748,1.2260,1.2233,1.5134,1.7980
2014-02-28,1.0575,0.3495,1.0000,1.0000,0.6989,1.0000,1.6925,1.2390,1.2323,1.5294,1.8170
2014-03-07,-1.9123,0.3860,1.0000,1.0000,0.7721,1.0000,1.6601,1.2153,1.2141,1.5001,1.7822
2014-03-14,1.2790,0.5578,1.0000,1.0000,1.0000,1.0000,1.6814,1.2308,1.2295,1.5193,1.8050
2014-03-21,-0.3813,0.1010,1.0000,0.0000,0.2019,1.0000,1.6749,1.2306,1.2284,1.5135,1.7981
2014-03-28,0.4906,0.5756,1.0000,1.0000,1.0000,1.0000,1.6832,1.2364,1.2342,1.5209,1.8070
2014-04-04,-2.6234,0.0566,1.0000,0.0000,0.1132,1.0000,1.6390,1.2361,1.2303,1.4810,1.7596
2014-04-11,2.6886,0.9047,1.0000,1.0000,1.0000,1.0000,1.6831,1.2691,1.2632,1.5209,1.8069
2014-04-18,-0.0537,0.0963,1.0000,0.0000,0.1925,0.0000,1.6822,1.2689,1.2629,1.5205,1.8059
2014-04-25,0.9501,0.2927,1.0000,1.0000,0.5854,1.0000,1.6981,1.2807,1.2698,1.5347,1.8231
2014-05-02,-0.0531,0.2386,1.0000,0.0000,0.4771,1.0000,1.6972,1.2804,1.2694,1.5339,1.8221
2014-05-09,0.0479,0.2669,1.0000,0.0000,0.5338,1.0000,1.6981,1.2804,1.2697,1.5346,1.8230
2014-05-16,1.2231,0.2770,1.0000,0.0000,0.5540,1.0000,1.7188,1.2804,1.2783,1.5534,1.8453
2014-05-23,1.2240,0.0790,1.0000,0.0000,0.1580,0.0000,1.7399,1.2804,1.2807,1.5531,1.8678
2014-05-30,1.4013,0.0146,1.0000,0.0000,0.0292,0.0000,1.7642,1.2804,1.2812,1.5531,1.8940
2014-06-06,-0.6397,0.1781,1.0000,0.0000,0.3563,0.0000,1.7530,1.2804,1.2782,1.5531,1.8819
2014-06-13,1.4160,0.1754,1.0000,0.0000,0.3507,0.0000,1.7778,1.2804,1.2845,1.5531,1.9086
2014-06-20,-0.0613,-0.0519,0.0000,0.0000,0.0000,0.0000,1.7774,1.2804,1.2845,1.5531,1.9074
2014-06-27,1.2155,0.0019,1.0000,0.0000,0.0038,0.0000,1.7987,1.2804,1.2845,1.5531,1.9306
2014-07-04,-0.8022,0.0561,1.0000,0.0000,0.1123,0.0000,1.7842,1.2804,1.2833,1.5531,1.9151
2014-07-11,0.5595,0.0759,1.0000,0.0000,0.1519,0.0000,1.7942,1.2804,1.2844,1.5531,1.9258
2014-07-18,0.0050,0.0188,1.0000,0.0000,0.0375,0.0000,1.7943,1.2804,1.2844,1.5531,1.9259
2014-07-25,-2.6401,-0.0543,0.0000,0.0000,0.0000,0.0000,1.7940,1.2804,1.2844,1.5531,1.8750
2014-08-01,0.3844,0.1617,1.0000,0.0000,0.3233,1.0000,1.8005,1.2804,1.2859,1.5587,1.8823
2014-08-08,1.2834,0.0714,1.0000,0.0000,0.1428,1.0000,1.8236,1.2804,1.2882,1.5787,1.9064
2014-08-15,1.7729,0.0347,1.0000,0.0000,0.0695,1.0000,1.8559,1.2804,1.2898,1.6067,1.9402
2014-08-22,0.7632,0.1299,1.0000,0.0000,0.2598,1.0000,1.8701,1.2804,1.2923,1.6190,1.9550
2014-08-29,0.1993,0.0741,1.0000,0.0000,0.1481,1.0000,1.8738,1.2804,1.2926,1.6222,1.9589
2014-09-05,-0.9846,0.0883,1.0000,0.0000,0.1767,1.0000,1.8554,1.2804,1.2904,1.6062,1.9396
2014-09-12,1.2596,0.1428,1.0000,0.0000,0.2856,1.0000,1.8787,1.2804,1.2950,1.6265,1.9641
2014-09-19,-1.3951,0.0891,1.0000,0.0000,0.1781,1.0000,1.8525,1.2804,1.2917,1.6038,1.9367
2014-09-26,-0.6973,0.2249,1.0000,0.0000,0.4498,1.0000,1.8396,1.2804,1.2876,1.5926,1.9232
2014-10-03,-3.0430,0.3091,1.0000,1.0000,0.6183,1.0000,1.7836,1.2412,1.2633,1.5441,1.8646
2014-10-10,-1.0864,0.2112,1.0000,0.0000,0.4224,1.0000,1.7643,1.2409,1.2575,1.5274,1.8444
2014-10-17,4.2236,0.3886,1.0000,1.0000,0.7771,1.0000,1.8388,1.2931,1.2987,1.5919,1.9223
2014-10-24,2.6624,0.1208,1.0000,0.0000,0.2416,1.0000,1.8877,1.2928,1.3069,1.6342,1.9734
2014-10-31,0.8331,0.0653,1.0000,0.0000,0.1306,1.0000,1.9035,1.2928,1.3083,1.6479,1.9899
2014-11-07,0.4426,0.1733,1.0000,0.0000,0.3466,1.0000,1.9119,1.2928,1.3102,1.6552,1.9987
2014-11-14,1.1947,0.1883,1.0000,0.0000,0.3766,1.0000,1.9347,1.2928,1.3161,1.6749,2.0226
2014-11-21,0.2516,0.2506,1.0000,0.0000,0.5011,1.0000,1.9396,1.2928,1.3178,1.6791,2.0277
2014-11-28,0.3862,0.0764,1.0000,0.0000,0.1528,1.0000,1.9471,1.2928,1.3184,1.6856,2.0355
2014-12-05,-3.4183,0.2421,1.0000,0.0000,0.4842,1.0000,1.8805,1.2928,1.2965,1.6280,1.9659
2014-12-12,3.3699,0.3025,1.0000,1.0000,0.6050,1.0000,1.9439,1.3362,1.3229,1.6829,2.0322
2014-12-19,0.9297,0.0709,1.0000,0.0000,0.1419,1.0000,1.9620,1.3359,1.3246,1.6985,2.0511
2014-12-26,-1.4440,0.0306,1.0000,0.0000,0.0611,1.0000,1.9336,1.3359,1.3234,1.6740,2.0214
2015-01-02,-0.5744,0.0859,1.0000,0.0000,0.1718,1.0000,1.9225,1.3359,1.3220,1.6644,2.0098
2015-01-09,-1.2828,0.1341,1.0000,0.0000,0.2682,1.0000,1.8979,1.3359,1.3175,1.6430,1.9840
2015-01-16,1.6565,0.1369,1.0000,0.0000,0.2739,1.0000,1.9293,1.3359,1.3234,1.6702,2.0169
2015-01-23,-2.6931,0.0631,1.0000,0.0000,0.1262,1.0000,1.8773,1.3359,1.3189,1.6253,1.9626
2015-01-30,3.0585,0.0733,1.0000,0.0000,0.1466,0.0000,1.9348,1.3359,1.3248,1.6249,2.0226
2015-02-06,2.0579,-0.0357,0.0000,0.0000,0.0000,1.0000,1.9344,1.3359,1.3248,1.6580,2.0642
2015-02-13,0.6960,0.0499,1.0000,0.0000,0.0999,1.0000,1.9475,1.3359,1.3257,1.6696,2.0786
2015-02-20,-0.2746,0.1518,1.0000,0.0000,0.3036,1.0000,1.9421,1.3359,1.3245,1.6650,2.0729
2015-02-27,-1.5000,0.1320,1.0000,0.0000,0.2640,1.0000,1.9130,1.3359,1.3192,1.6400,2.0418
2015-03-06,-0.8048,0.2250,1.0000,0.0000,0.4501,0.0000,1.8976,1.3359,1.3144,1.6397,2.0254
2015-03-13,2.6814,0.3111,1.0000,1.0000,0.6223,1.0000,1.9485,1.3714,1.3363,1.6833,2.0797
2015-03-20,-2.2195,0.2662,1.0000,0.0000,0.5325,1.0000,1.9052,1.3712,1.3205,1.6460,2.0335
2015-03-27,0.3402,0.2895,1.0000,1.0000,0.5789,0.0000,1.9117,1.3756,1.3231,1.6456,2.0404
2015-04-03,1.7438,0.1447,1.0000,0.0000,0.2893,0.0000,1.9450,1.3753,1.3297,1.6456,2.0760
2015-04-10,-0.9950,0.2345,1.0000,0.0000,0.4689,1.0000,1.9257,1.3753,1.3234,1.6289,2.0554
2015-04-17,1.7793,0.1885,1.0000,0.0000,0.3770,1.0000,1.9599,1.3753,1.3323,1.6579,2.0919
2015-04-24,-0.4394,0.1270,1.0000,0.0000,0.2540,1.0000,1.9513,1.3753,1.3308,1.6506,2.0827
2015-05-01,0.4271,0.2541,1.0000,0.0000,0.5083,0.0000,1.9597,1.3753,1.3336,1.6503,2.0916
2015-05-08,0.3875,0.2153,1.0000,0.0000,0.4306,0.0000,1.9673,1.3753,1.3358,1.6503,2.0997
2015-05-15,0.2589,0.2097,1.0000,0.0000,0.4195,0.0000,1.9724,1.3753,1.3372,1.6503,2.1052
2015-05-22,-0.8686,0.1780,1.0000,0.0000,0.3561,0.0000,1.9552,1.3753,1.3331,1.6503,2.0869
2015-05-29,-0.6489,0.2402,1.0000,0.0000,0.4804,0.0000,1.9425,1.3753,1.3289,1.6503,2.0734
2015-06-05,0.1144,0.1944,1.0000,0.0000,0.3889,0.0000,1.9448,1.3753,1.3295,1.6503,2.0757
2015-06-12,0.8692,0.2279,1.0000,0.0000,0.4559,0.0000,1.9617,1.3753,1.3347,1.6503,2.0938
2015-06-19,-0.4696,0.1204,1.0000,0.0000,0.2407,1.0000,1.9524,1.3753,1.3331,1.6422,2.0839
2015-06-26,-1.1963,0.1947,1.0000,0.0000,0.3894,0.0000,1.9291,1.3753,1.3269,1.6419,2.0590
2015-07-03,0.0820,0.3219,1.0000,1.0000,0.6438,1.0000,1.9307,1.3761,1.3275,1.6429,2.0607
2015-07-10,2.4099,0.2850,1.0000,1.0000,0.5701,1.0000,1.9772,1.4093,1.3457,1.6825,2.1104
2015-07-17,-2.1084,0.1584,1.0000,0.0000,0.3167,1.0000,1.9355,1.4090,1.3367,1.6470,2.0659
2015-07-24,1.2019,0.2106,1.0000,0.0000,0.4212,0.0000,1.9588,1.4090,1.3434,1.6467,2.0907
2015-07-31,-1.2114,0.2069,1.0000,0.0000,0.4138,1.0000,1.9350,1.4090,1.3367,1.6264,2.0654
2015-08-07,0.7069,0.1307,1.0000,0.0000,0.2613,0.0000,1.9487,1.4090,1.3391,1.6261,2.0800
2015-08-14,-5.5343,0.1056,1.0000,0.0000,0.2112,0.0000,1.8409,1.4090,1.3235,1.6261,1.9649
2015-08-21,0.7329,0.5074,1.0000,1.0000,1.0000,1.0000,1.8544,1.4191,1.3329,1.6377,1.9793
2015-08-28,-3.3571,-0.2621,0.0000,0.0000,0.0000,0.0000,1.8540,1.4188,1.3327,1.6374,1.9128
2015-09-04,2.1548,-0.3303,0.0000,0.0000,0.0000,0.0000,1.8540,1.4188,1.3327,1.6374,1.9540
2015-09-11,-0.1392,-0.5280,0.0000,0.0000,0.0000,0.0000,1.8540,1.4188,1.3327,1.6374,1.9513
2015-09-18,-1.3303,0.0310,1.0000,0.0000,0.0620,0.0000,1.8290,1.4188,1.3316,1.6374,1.9254
2015-09-25,1.1148,0.4537,1.0000,1.0000,0.9075,1.0000,1.8494,1.4343,1.3448,1.6553,1.9468
2015-10-02,3.2462,0.0076,1.0000,0.0000,0.0152,0.0000,1.9094,1.4340,1.3452,1.6550,2.0100
2015-10-09,0.9636,-0.1878,0.0000,0.0000,0.0000,0.0000,1.9090,1.4340,1.3452,1.6550,2.0294
2015-10-16,2.0859,0.0807,1.0000,0.0000,0.1614,0.0000,1.9484,1.4340,1.3497,1.6550,2.0717
2015-10-23,0.2024,0.1405,1.0000,0.0000,0.2810,0.0000,1.9524,1.4340,1.3504,1.6550,2.0759
2015-10-30,1.0147,0.1362,1.0000,0.0000,0.2725,0.0000,1.9722,1.4340,1.3542,1.6550,2.0970
2015-11-06,-3.5707,0.0244,1.0000,0.0000,0.0489,0.0000,1.9018,1.4340,1.3518,1.6550,2.0221
2015-11-13,3.3425,0.4602,1.0000,1.0000,0.9203,1.0000,1.9653,1.4817,1.3931,1.7100,2.0897
2015-11-20,0.1194,0.0628,1.0000,0.0000,0.1257,0.0000,1.9677,1.4814,1.3931,1.7096,2.0922
2015-11-27,0.0287,0.0108,1.0000,0.0000,0.0215,0.0000,1.9683,1.4814,1.3931,1.7096,2.0928
2015-12-04,-3.6924,0.0384,1.0000,0.0000,0.0768,0.0000,1.8956,1.4814,1.3891,1.7096,2.0155
2015-12-11,-0.3317,0.3316,1.0000,1.0000,0.6631,1.0000,1.8893,1.4762,1.3859,1.7036,2.0088
2015-12-18,2.8297,0.0176,1.0000,0.0000,0.0352,0.0000,1.9428,1.4759,1.3871,1.7033,2.0657
2015-12-25,-0.8800,0.0820,1.0000,0.0000,0.1641,0.0000,1.9257,1.4759,1.3850,1.7033,2.0475
2016-01-01,-5.8616,-0.0049,0.0000,0.0000,0.0000,0.0000,1.9253,1.4759,1.3850,1.7033,1.9275
2016-01-08,-2.1415,0.2757,1.0000,0.0000,0.5513,1.0000,1.8837,1.4759,1.3685,1.6664,1.8862
2016-01-15,1.4429,0.2989,1.0000,1.0000,0.5978,0.0000,1.9108,1.4969,1.3803,1.6661,1.9134
2016-01-22,1.6796,0.2861,1.0000,1.0000,0.5722,0.0000,1.9429,1.5220,1.3935,1.6661,1.9455
2016-01-29,-2.9785,0.0464,1.0000,0.0000,0.0928,0.0000,1.8851,1.5217,1.3896,1.6661,1.8876
2016-02-05,-0.7024,0.0609,1.0000,0.0000,0.1218,0.0000,1.8718,1.5217,1.3884,1.6661,1.8743
2016-02-12,2.8774,0.2671,1.0000,0.0000,0.5342,1.0000,1.9257,1.5217,1.4096,1.7137,1.9283
2016-02-19,1.6093,0.0566,1.0000,0.0000,0.1131,1.0000,1.9567,1.5217,1.4120,1.7413,1.9593
2016-02-26,2.7372,0.1420,1.0000,0.0000,0.2839,1.0000,2.0102,1.5217,1.4230,1.7890,2.0129
2016-03-04,1.1625,0.0324,1.0000,0.0000,0.0648,0.0000,2.0336,1.5217,1.4240,1.7886,2.0363
2016-03-11,1.3189,0.0319,1.0000,0.0000,0.0637,0.0000,2.0604,1.5217,1.4252,1.7886,2.0632
2016-03-18,-0.6165,0.0381,1.0000,0.0000,0.0763,0.0000,2.0477,1.5217,1.4245,1.7886,2.0505
2016-03-25,1.8708,0.0957,1.0000,0.0000,0.1913,1.0000,2.0860,1.5217,1.4296,1.8217,2.0888
2016-04-01,-1.1695,0.0855,1.0000,0.0000,0.1711,1.0000,2.0616,1.5217,1.4267,1.8004,2.0644
2016-04-08,1.6039,0.1168,1.0000,0.0000,0.2336,1.0000,2.0947,1.5217,1.4320,1.8293,2.0975
2016-04-15,0.5727,-0.0166,0.0000,0.0000,0.0000,0.0000,2.0943,1.5217,1.4320,1.8289,2.1095
2016-04-22,-1.2633,0.0227,1.0000,0.0000,0.0453,0.0000,2.0674,1.5217,1.4311,1.8289,2.0829
2016-04-29,-0.2957,0.0434,1.0000,0.0000,0.0869,0.0000,2.0613,1.5217,1.4307,1.8289,2.0767
2016-05-06,-0.4666,0.0584,1.0000,0.0000,0.1167,1.0000,2.0517,1.5217,1.4300,1.8200,2.0670
2016-05-13,0.3565,0.0889,1.0000,0.0000,0.1777,1.0000,2.0590,1.5217,1.4308,1.8265,2.0744
2016-05-20,2.3116,0.0847,1.0000,0.0000,0.1695,1.0000,2.1066,1.5217,1.4364,1.8687,2.1223
2016-05-27,0.0190,0.0370,1.0000,0.0000,0.0739,0.0000,2.1070,1.5217,1.4364,1.8683,2.1228
2016-06-03,-0.0999,0.0618,1.0000,0.0000,0.1235,1.0000,2.1049,1.5217,1.4363,1.8661,2.1206
2016-06-10,-1.1786,0.0393,1.0000,0.0000,0.0787,1.0000,2.0801,1.5217,1.4349,1.8441,2.0956
2016-06-17,-1.5883,0.1356,1.0000,0.0000,0.2713,1.0000,2.0470,1.5217,1.4287,1.8148,2.0624
2016-06-24,3.2867,0.3963,1.0000,1.0000,0.7927,1.0000,2.1143,1.5714,1.4657,1.8745,2.1301
2016-07-01,1.3005,0.2774,1.0000,0.0000,0.5548,1.0000,2.1418,1.5711,1.4762,1.8989,2.1578
2016-07-08,1.4954,-0.1546,0.0000,0.0000,0.0000,0.0000,2.1414,1.5711,1.4761,1.8985,2.1901
2016-07-15,0.6533,0.0381,1.0000,0.0000,0.0763,0.0000,2.1549,1.5711,1.4768,1.8985,2.2044
2016-07-22,-0.0552,0.0605,1.0000,0.0000,0.1211,1.0000,2.1538,1.5711,1.4767,1.8970,2.2032
2016-07-29,0.4882,0.0873,1.0000,0.0000,0.1747,1.0000,2.1643,1.5711,1.4779,1.9063,2.2140
2016-08-05,0.1283,0.0484,1.0000,0.0000,0.0969,1.0000,2.1670,1.5711,1.4781,1.9088,2.2168
2016-08-12,0.0366,-0.0606,0.0000,0.0000,0.0000,1.0000,2.1666,1.5711,1.4781,1.9095,2.2176
2016-08-19,-0.5720,-0.0749,0.0000,0.0000,0.0000,1.0000,2.1666,1.5711,1.4781,1.8985,2.2049
2016-08-26,0.4970,-0.1065,0.0000,0.0000,0.0000,1.0000,2.1666,1.5711,1.4781,1.9080,2.2159
2016-09-02,-2.3309,-0.0120,0.0000,0.0000,0.0000,1.0000,2.1666,1.5711,1.4781,1.8635,2.1642
2016-09-09,0.5475,0.2620,1.0000,0.0000,0.5239,1.0000,2.1780,1.5711,1.4821,1.8737,2.1761
2016-09-16,1.2280,-0.0622,0.0000,0.0000,0.0000,0.0000,2.1776,1.5711,1.4820,1.8733,2.2028
2016-09-23,0.1435,0.0253,1.0000,0.0000,0.0506,0.0000,2.1803,1.5711,1.4821,1.8733,2.2060
2016-09-30,-0.5825,0.0777,1.0000,0.0000,0.1554,1.0000,2.1676,1.5711,1.4807,1.8620,2.1931
2016-10-07,-0.8929,-0.0118,0.0000,0.0000,0.0000,0.0000,2.1672,1.5711,1.4807,1.8617,2.1735
2016-10-14,0.4036,0.0591,1.0000,0.0000,0.1183,1.0000,2.1755,1.5711,1.4813,1.8688,2.1823
2016-10-21,-0.6730,0.1329,1.0000,0.0000,0.2657,1.0000,2.1608,1.5711,1.4786,1.8562,2.1676
2016-10-28,-1.8773,0.1607,1.0000,0.0000,0.3214,1.0000,2.1203,1.5711,1.4697,1.8214,2.1269
2016-11-04,3.7737,0.8484,1.0000,1.0000,1.0000,1.0000,2.2003,1.6301,1.5250,1.8901,2.2072
2016-11-11,0.9611,-0.0236,0.0000,0.0000,0.0000,0.0000,2.1998,1.6298,1.5247,1.8897,2.2284
2016-11-18,1.3821,0.1301,1.0000,0.0000,0.2603,0.0000,2.2298,1.6298,1.5301,1.8897,2.2592
2016-11-25,-0.8306,-0.0809,0.0000,0.0000,0.0000,0.0000,2.2294,1.6298,1.5300,1.8897,2.2404
2016-12-02,3.1091,0.1708,1.0000,0.0000,0.3416,0.0000,2.2982,1.6298,1.5461,1.8897,2.3101
2016-12-09,-0.0634,-0.1254,0.0000,0.0000,0.0000,0.0000,2.2978,1.6298,1.5460,1.8897,2.3086
2016-12-16,0.2977,0.1606,1.0000,0.0000,0.3212,1.0000,2.3041,1.6298,1.5474,1.8950,2.3155
2016-12-23,-0.9658,0.1371,1.0000,0.0000,0.2743,1.0000,2.2819,1.6298,1.5433,1.8767,2.2931
2016-12-30,1.6463,0.1560,1.0000,0.0000,0.3121,1.0000,2.3195,1.6298,1.5512,1.9076,2.3309
2017-01-06,-0.0704,0.0825,1.0000,0.0000,0.1651,1.0000,2.3178,1.6298,1.5510,1.9062,2.3293
2017-01-13,-0.1366,0.0926,1.0000,0.0000,0.1851,1.0000,2.3147,1.6298,1.5506,1.9036,2.3261
2017-01-20,0.9836,0.0754,1.0000,0.0000,0.1508,1.0000,2.3374,1.6298,1.5529,1.9224,2.3489
2017-01-27,0.1616,0.0584,1.0000,0.0000,0.1168,1.0000,2.3412,1.6298,1.5532,1.9255,2.3527
2017-02-03,0.9462,0.0797,1.0000,0.0000,0.1593,1.0000,2.3634,1.6298,1.5555,1.9437,2.3750
2017-02-10,1.5464,0.0246,1.0000,0.0000,0.0492,1.0000,2.3999,1.6298,1.5566,1.9737,2.4117
2017-02-17,0.7019,0.0420,1.0000,0.0000,0.0840,1.0000,2.4167,1.6298,1.5575,1.9876,2.4287
2017-02-24,0.7097,0.0627,1.0000,0.0000,0.1254,1.0000,2.4339,1.6298,1.5589,2.0017,2.4459
2017-03-03,-0.3062,0.0272,1.0000,0.0000,0.0544,1.0000,2.4264,1.6298,1.5586,1.9956,2.4384
2017-03-10,0.1562,0.0520,1.0000,0.0000,0.1040,1.0000,2.4302,1.6298,1.5589,1.9987,2.4422
2017-03-17,-1.3374,0.0476,1.0000,0.0000,0.0953,1.0000,2.3977,1.6298,1.5569,1.9719,2.4095
2017-03-24,0.8039,0.0923,1.0000,0.0000,0.1846,1.0000,2.4170,1.6298,1.5592,1.9878,2.4289
2017-03-31,-0.2290,0.0515,1.0000,0.0000,0.1031,1.0000,2.4115,1.6298,1.5588,1.9832,2.4234
2017-04-07,-1.1437,0.0160,1.0000,0.0000,0.0321,1.0000,2.3839,1.6298,1.5582,1.9606,2.3956
2017-04-14,0.8946,0.0828,1.0000,0.0000,0.1656,1.0000,2.4052,1.6298,1.5604,1.9781,2.4171
2017-04-21,1.4877,0.0576,1.0000,0.0000,0.1152,1.0000,2.4410,1.6298,1.5631,2.0075,2.4530
2017-04-28,0.6804,0.1123,1.0000,0.0000,0.2247,1.0000,2.4576,1.6298,1.5655,2.0212,2.4697
2017-05-05,-0.3003,0.1043,1.0000,0.0000,0.2085,1.0000,2.4502,1.6298,1.5645,2.0151,2.4623
2017-05-12,-0.2804,0.1019,1.0000,0.0000,0.2037,1.0000,2.4434,1.6298,1.5636,2.0095,2.4554
2017-05-19,1.4267,0.0960,1.0000,0.0000,0.1919,1.0000,2.4782,1.6298,1.5679,2.0381,2.4904
2017-05-26,1.0178,0.0441,1.0000,0.0000,0.0882,0.0000,2.5034,1.6298,1.5692,2.0377,2.5158
2017-06-02,-0.3112,0.0979,1.0000,0.0000,0.1958,1.0000,2.4956,1.6298,1.5682,2.0310,2.5079
2017-06-09,0.1698,0.0926,1.0000,0.0000,0.1851,1.0000,2.4999,1.6298,1.5687,2.0344,2.5122
2017-06-16,0.2020,0.0887,1.0000,0.0000,0.1775,1.0000,2.5049,1.6298,1.5693,2.0385,2.5173
2017-06-23,-0.5470,0.0958,1.0000,0.0000,0.1916,1.0000,2.4912,1.6298,1.5676,2.0274,2.5035
2017-06-30,0.1282,0.1175,1.0000,0.0000,0.2351,1.0000,2.4944,1.6298,1.5681,2.0300,2.5067
2017-07-07,1.4250,0.0482,1.0000,0.0000,0.0963,1.0000,2.5300,1.6298,1.5702,2.0589,2.5424
2017-07-14,0.5375,0.1054,1.0000,0.0000,0.2108,1.0000,2.5436,1.6298,1.5720,2.0700,2.5561
2017-07-21,0.0122,0.0869,1.0000,0.0000,0.1738,1.0000,2.5439,1.6298,1.5720,2.0702,2.5564
2017-07-28,0.2025,0.1174,1.0000,0.0000,0.2348,1.0000,2.5490,1.6298,1.5727,2.0744,2.5616
2017-08-04,-1.3298,0.0720,1.0000,0.0000,0.1440,1.0000,2.5151,1.6298,1.5697,2.0468,2.5275
2017-08-11,-0.5776,0.1579,1.0000,0.0000,0.3159,1.0000,2.5006,1.6298,1.5667,2.0350,2.5129
2017-08-18,0.7622,0.1150,1.0000,0.0000,0.2300,1.0000,2.5197,1.6298,1.5695,2.0505,2.5321
2017-08-25,1.3412,0.0976,1.0000,0.0000,0.1952,1.0000,2.5535,1.6298,1.5736,2.0780,2.5660
2017-09-01,-0.5084,0.1592,1.0000,0.0000,0.3184,1.0000,2.5405,1.6298,1.5710,2.0675,2.5530
2017-09-08,1.5600,0.1680,1.0000,0.0000,0.3360,1.0000,2.5801,1.6298,1.5792,2.0997,2.5928
2017-09-15,0.1003,0.1319,1.0000,0.0000,0.2639,1.0000,2.5827,1.6298,1.5796,2.1018,2.5954
2017-09-22,0.7176,0.1874,1.0000,0.0000,0.3748,1.0000,2.6012,1.6298,1.5838,2.1169,2.6141
2017-09-29,1.2499,0.1521,1.0000,0.0000,0.3041,1.0000,2.6337,1.6298,1.5898,2.1434,2.6467
2017-10-06,0.2280,0.1262,1.0000,0.0000,0.2525,1.0000,2.6397,1.6298,1.5907,2.1483,2.6528
2017-10-13,0.8473,0.1849,1.0000,0.0000,0.3697,1.0000,2.6621,1.6298,1.5957,2.1665,2.6752
2017-10-20,0.2333,0.1125,1.0000,0.0000,0.2250,1.0000,2.6683,1.6298,1.5964,2.1715,2.6815
2017-10-27,0.2871,0.1179,1.0000,0.0000,0.2359,1.0000,2.6760,1.6298,1.5975,2.1777,2.6892
2017-11-03,-0.1393,0.0759,1.0000,0.0000,0.1517,1.0000,2.6723,1.6298,1.5972,2.1747,2.6854
2017-11-10,-0.0891,0.0944,1.0000,0.0000,0.1888,1.0000,2.6699,1.6298,1.5969,2.1728,2.6830
2017-11-17,0.9695,0.0975,1.0000,0.0000,0.1949,1.0000,2.6958,1.6298,1.5999,2.1938,2.7090
2017-11-24,1.5747,0.0897,1.0000,0.0000,0.1794,1.0000,2.7382,1.6298,1.6044,2.2284,2.7517
2017-12-01,0.3971,0.0805,1.0000,0.0000,0.1611,1.0000,2.7491,1.6298,1.6054,2.2372,2.7626
2017-12-08,0.8897,0.1172,1.0000,0.0000,0.2345,1.0000,2.7735,1.6298,1.6088,2.2571,2.7872
2017-12-15,0.3753,0.0688,1.0000,0.0000,0.1375,1.0000,2.7839,1.6298,1.6096,2.2656,2.7977
2017-12-22,-0.2430,0.1118,1.0000,0.0000,0.2236,1.0000,2.7772,1.6298,1.6087,2.2601,2.7909
2017-12-29,2.4582,0.0607,1.0000,0.0000,0.1213,1.0000,2.8455,1.6298,1.6134,2.3157,2.8595
2018-01-05,1.6458,-0.0031,0.0000,0.0000,0.0000,1.0000,2.8449,1.6298,1.6134,2.3538,2.9065
2018-01-12,0.8959,0.0103,1.0000,0.0000,0.0207,1.0000,2.8698,1.6298,1.6137,2.3749,2.9326
2018-01-19,2.2004,-0.0046,0.0000,0.0000,0.0000,1.0000,2.8692,1.6298,1.6137,2.4271,2.9971
2018-01-26,-3.8837,-0.0274,0.0000,0.0000,0.0000,1.0000,2.8692,1.6298,1.6137,2.3329,2.8807
2018-02-02,-5.0645,0.1617,1.0000,0.0000,0.3234,1.0000,2.7233,1.6298,1.5871,2.2147,2.7348
2018-02-09,4.4398,1.1656,1.0000,1.0000,1.0000,1.0000,2.8443,1.7018,1.6574,2.3130,2.8562
2018-02-16,0.5859,0.0430,1.0000,0.0000,0.0859,1.0000,2.8609,1.7014,1.6579,2.3266,2.8730
2018-02-23,-2.0495,0.1073,1.0000,0.0000,0.2145,1.0000,2.8023,1.7014,1.6506,2.2789,2.8141
2018-03-02,3.6383,0.1487,1.0000,0.0000,0.2973,1.0000,2.9042,1.7014,1.6684,2.3618,2.9165
2018-03-09,-1.2808,0.1361,1.0000,0.0000,0.2722,1.0000,2.8670,1.7014,1.6626,2.3316,2.8791
2018-03-16,-5.8899,0.1669,1.0000,0.0000,0.3337,1.0000,2.6982,1.7014,1.6299,2.1942,2.7095
2018-03-23,1.9764,1.5753,1.0000,1.0000,1.0000,1.0000,2.7515,1.7347,1.6619,2.2376,2.7631
2018-03-30,-1.3035,-0.0470,0.0000,0.0000,0.0000,0.0000,2.7510,1.7344,1.6615,2.2372,2.7271
2018-04-06,2.0907,0.4320,1.0000,1.0000,0.8640,1.0000,2.8079,1.7703,1.6913,2.2835,2.7841
2018-04-13,0.5506,0.1030,1.0000,0.0000,0.2061,0.0000,2.8234,1.7699,1.6930,2.2830,2.7994
2018-04-20,-0.0188,0.0933,1.0000,0.0000,0.1867,0.0000,2.8228,1.7699,1.6929,2.2830,2.7989
2018-04-27,-0.2026,0.2851,1.0000,1.0000,0.5702,1.0000,2.8171,1.7660,1.6908,2.2779,2.7932
2018-05-04,2.5675,0.1630,1.0000,0.0000,0.3260,0.0000,2.8895,1.7657,1.7049,2.2775,2.8649
2018-05-11,-0.5571,0.1400,1.0000,0.0000,0.2800,1.0000,2.8734,1.7657,1.7022,2.2643,2.8490
2018-05-18,0.3022,0.1394,1.0000,0.0000,0.2788,0.0000,2.8820,1.7657,1.7036,2.2639,2.8576
2018-05-25,0.5328,0.0824,1.0000,0.0000,0.1648,0.0000,2.8974,1.7657,1.7051,2.2639,2.8728
2018-06-01,1.6777,0.1789,1.0000,0.0000,0.3577,0.0000,2.9460,1.7657,1.7153,2.2639,2.9210
2018-06-08,0.0663,0.0469,1.0000,0.0000,0.0938,0.0000,2.9480,1.7657,1.7153,2.2639,2.9230
2018-06-15,-0.8624,-0.0317,0.0000,0.0000,0.0000,0.0000,2.9474,1.7657,1.7153,2.2639,2.8977
2018-06-22,-1.2594,0.0769,1.0000,0.0000,0.1538,0.0000,2.9097,1.7657,1.7119,2.2639,2.8613
2018-06-29,1.5261,0.1315,1.0000,0.0000,0.2631,0.0000,2.9541,1.7657,1.7187,2.2639,2.9049
2018-07-06,1.5140,-0.1593,0.0000,0.0000,0.0000,0.0000,2.9535,1.7657,1.7186,2.2639,2.9489
2018-07-13,0.0322,-0.0737,0.0000,0.0000,0.0000,0.0000,2.9535,1.7657,1.7186,2.2639,2.9499
2018-07-20,0.6221,-0.0068,0.0000,0.0000,0.0000,0.0000,2.9535,1.7657,1.7186,2.2639,2.9682
2018-07-27,0.7746,-0.0188,0.0000,0.0000,0.0000,0.0000,2.9535,1.7657,1.7186,2.2639,2.9912
2018-08-03,-0.1551,-0.0887,0.0000,0.0000,0.0000,0.0000,2.9535,1.7657,1.7186,2.2639,2.9866
2018-08-10,0.6710,-0.0567,0.0000,0.0000,0.0000,1.0000,2.9535,1.7657,1.7186,2.2786,3.0066
2018-08-17,0.8595,0.0122,1.0000,0.0000,0.0245,1.0000,2.9783,1.7657,1.7190,2.2982,3.0324
2018-08-24,0.9739,-0.0423,0.0000,0.0000,0.0000,1.0000,2.9777,1.7657,1.7190,2.3206,3.0620
2018-08-31,-0.9335,-0.0543,0.0000,0.0000,0.0000,1.0000,2.9777,1.7657,1.7190,2.2989,3.0334
2018-09-07,1.1405,0.0864,1.0000,0.0000,0.1729,1.0000,3.0110,1.7657,1.7223,2.3252,3.0680
2018-09-14,0.8360,-0.0317,0.0000,0.0000,0.0000,1.0000,3.0104,1.7657,1.7222,2.3446,3.0936
2018-09-21,-0.4349,-0.0421,0.0000,0.0000,0.0000,1.0000,3.0104,1.7657,1.7222,2.3344,3.0802
2018-09-28,-0.9975,0.1308,1.0000,0.0000,0.2617,1.0000,2.9798,1.7657,1.7177,2.3111,3.0494
2018-10-05,-4.1241,0.1650,1.0000,0.0000,0.3300,1.0000,2.8569,1.7657,1.6943,2.2158,2.9237
2018-10-12,0.1087,1.1538,1.0000,1.0000,1.0000,1.0000,2.8600,1.7672,1.6959,2.2182,2.9269
2018-10-19,-3.9529,-0.0122,0.0000,0.0000,0.0000,1.0000,2.8595,1.7669,1.6955,2.1305,2.8112
2018-10-26,2.4724,1.2860,1.0000,1.0000,1.0000,1.0000,2.9296,1.8102,1.7371,2.1832,2.8807
2018-11-02,2.1590,0.8746,1.0000,1.0000,1.0000,1.0000,2.9928,1.8493,1.7746,2.2303,2.9429
2018-11-09,-1.4509,-0.0002,0.0000,0.0000,0.0000,0.0000,2.9922,1.8489,1.7743,2.2299,2.9002
2018-11-16,-3.8286,0.6272,1.0000,1.0000,1.0000,1.0000,2.8771,1.7777,1.7060,2.1441,2.7891
2018-11-23,4.7103,0.8873,1.0000,1.0000,1.0000,1.0000,3.0126,1.8615,1.7863,2.2451,2.9205
2018-11-30,-4.3823,0.0119,1.0000,0.0000,0.0238,0.0000,2.8806,1.8611,1.7841,2.2446,2.7925
2018-12-07,-1.1762,0.4872,1.0000,1.0000,0.9745,1.0000,2.8467,1.8389,1.7633,2.2178,2.7597
2018-12-14,-7.0505,-0.4545,0.0000,0.0000,0.0000,0.0000,2.8461,1.8385,1.7630,2.2173,2.5651
2018-12-21,2.9290,1.2662,1.0000,1.0000,1.0000,1.0000,2.9289,1.8920,1.8143,2.2818,2.6402
2018-12-28,1.8729,0.8225,1.0000,1.0000,1.0000,1.0000,2.9838,1.9274,1.8483,2.3246,2.6897
2019-01-04,2.6110,-0.3091,0.0000,0.0000,0.0000,0.0000,2.9832,1.9270,1.8479,2.3241,2.7599
2019-01-11,2.8883,-0.0608,0.0000,0.0000,0.0000,0.0000,2.9832,1.9270,1.8479,2.3241,2.8396
2019-01-18,-0.2552,-0.0625,0.0000,0.0000,0.0000,0.0000,2.9832,1.9270,1.8479,2.3241,2.8324
2019-01-25,1.6104,-0.0887,0.0000,0.0000,0.0000,0.0000,2.9832,1.9270,1.8479,2.3241,2.8780
2019-02-01,0.1518,-0.1015,0.0000,0.0000,0.0000,0.0000,2.9832,1.9270,1.8479,2.3241,2.8824
2019-02-08,2.5511,-0.0836,0.0000,0.0000,0.0000,0.0000,2.9832,1.9270,1.8479,2.3241,2.9559
2019-02-15,0.6381,-0.0881,0.0000,0.0000,0.0000,0.0000,2.9832,1.9270,1.8479,2.3241,2.9748
2019-02-22,0.4585,-0.1722,0.0000,0.0000,0.0000,0.0000,2.9832,1.9270,1.8479,2.3241,2.9884
2019-03-01,-2.1253,-0.1635,0.0000,0.0000,0.0000,0.0000,2.9832,1.9270,1.8479,2.3241,2.9249
2019-03-08,2.9473,0.1173,1.0000,0.0000,0.2345,0.0000,3.0705,1.9270,1.8606,2.3241,3.0111
2019-03-15,-0.7323,-0.1399,0.0000,0.0000,0.0000,0.0000,3.0699,1.9270,1.8605,2.3241,2.9890
2019-03-22,1.1567,-0.1779,0.0000,0.0000,0.0000,0.0000,3.0699,1.9270,1.8605,2.3241,3.0236
2019-03-29,2.1559,0.0421,1.0000,0.0000,0.0842,0.0000,3.1354,1.9270,1.8638,2.3241,3.0888
2019-04-05,0.5509,-0.1289,0.0000,0.0000,0.0000,1.0000,3.1348,1.9270,1.8638,2.3364,3.1058
2019-04-12,-0.0483,-0.1282,0.0000,0.0000,0.0000,1.0000,3.1348,1.9270,1.8638,2.3353,3.1043
2019-04-19,1.1689,-0.1158,0.0000,0.0000,0.0000,1.0000,3.1348,1.9270,1.8638,2.3626,3.1406
2019-04-26,0.2113,-0.0960,0.0000,0.0000,0.0000,1.0000,3.1348,1.9270,1.8638,2.3676,3.1472
2019-05-03,-2.0168,-0.0741,0.0000,0.0000,0.0000,1.0000,3.1348,1.9270,1.8638,2.3198,3.0838
2019-05-10,-0.7844,0.1857,1.0000,0.0000,0.3713,1.0000,3.1096,1.9270,1.8582,2.3016,3.0596
2019-05-17,-1.0705,-0.0273,0.0000,0.0000,0.0000,1.0000,3.1090,1.9270,1.8581,2.2770,3.0268
2019-05-24,-2.6558,-0.2866,0.0000,0.0000,0.0000,1.0000,3.1090,1.9270,1.8581,2.2165,2.9464
2019-05-31,4.4975,0.7037,1.0000,1.0000,1.0000,1.0000,3.2482,2.0133,1.9413,2.3162,3.0789
2019-06-07,0.5597,-0.1610,0.0000,0.0000,0.0000,0.0000,3.2475,2.0129,1.9409,2.3158,3.0962
2019-06-14,2.1330,0.1335,1.0000,0.0000,0.2670,1.0000,3.3162,2.0129,1.9519,2.3647,3.1622
2019-06-21,-0.3401,0.1322,1.0000,0.0000,0.2644,1.0000,3.3049,2.0129,1.9501,2.3566,3.1515
2019-06-28,1.8635,0.1294,1.0000,0.0000,0.2588,1.0000,3.3665,2.0129,1.9595,2.4006,3.2102
2019-07-05,0.7338,0.1321,1.0000,0.0000,0.2641,1.0000,3.3912,2.0129,1.9633,2.4182,3.2337
2019-07-12,-1.1575,0.2070,1.0000,0.0000,0.4140,1.0000,3.3519,2.0129,1.9538,2.3902,3.1963
2019-07-19,1.6287,0.1268,1.0000,0.0000,0.2535,1.0000,3.4065,2.0129,1.9618,2.4291,3.2484
2019-07-26,-3.1092,0.1535,1.0000,0.0000,0.3069,1.0000,3.3006,2.0129,1.9431,2.3536,3.1474
2019-08-02,-0.3418,0.1710,1.0000,0.0000,0.3420,1.0000,3.2893,2.0129,1.9408,2.3455,3.1366
2019-08-09,-0.9499,0.1370,1.0000,0.0000,0.2741,1.0000,3.2581,2.0129,1.9357,2.3233,3.1068
2019-08-16,-1.3848,0.1242,1.0000,0.0000,0.2485,1.0000,3.2129,2.0129,1.9291,2.2911,3.0638
2019-08-23,2.6681,0.1355,1.0000,0.0000,0.2709,1.0000,3.2987,2.0129,1.9430,2.3522,3.1455
2019-08-30,1.9149,0.1300,1.0000,0.0000,0.2600,1.0000,3.3618,2.0129,1.9527,2.3973,3.2058
2019-09-06,1.0199,0.1646,1.0000,0.0000,0.3291,1.0000,3.3961,2.0129,1.9592,2.4217,3.2385
2019-09-13,-0.4758,0.1378,1.0000,0.0000,0.2756,1.0000,3.3800,2.0129,1.9566,2.4102,3.2231
2019-09-20,-0.9655,0.1904,1.0000,0.0000,0.3809,1.0000,3.3473,2.0129,1.9494,2.3869,3.1920
2019-09-27,-0.3555,0.1714,1.0000,0.0000,0.3429,1.0000,3.3354,2.0129,1.9470,2.3784,3.1806
2019-10-04,0.6557,0.2389,1.0000,0.0000,0.4779,1.0000,3.3573,2.0129,1.9530,2.3940,3.2015
2019-10-11,0.5704,0.1766,1.0000,0.0000,0.3531,1.0000,3.3765,2.0129,1.9569,2.4077,3.2197
2019-10-18,1.2182,0.1237,1.0000,0.0000,0.2475,1.0000,3.4176,2.0129,1.9628,2.4370,3.2589
2019-10-25,1.5053,0.1793,1.0000,0.0000,0.3586,1.0000,3.4690,2.0129,1.9733,2.4737,3.3080
2019-11-01,0.9146,0.1648,1.0000,0.0000,0.3296,1.0000,3.5008,2.0129,1.9792,2.4963,3.3383
2019-11-08,0.9225,0.1887,1.0000,0.0000,0.3774,1.0000,3.5331,2.0129,1.9861,2.5194,3.3691
2019-11-15,-0.2663,0.1764,1.0000,0.0000,0.3529,1.0000,3.5237,2.0129,1.9842,2.5126,3.3601
2019-11-22,1.0774,0.1548,1.0000,0.0000,0.3097,1.0000,3.5616,2.0129,1.9908,2.5397,3.3963
2019-11-29,0.1781,0.1584,1.0000,0.0000,0.3168,1.0000,3.5680,2.0129,1.9920,2.5442,3.4023
2019-12-06,0.7781,0.2246,1.0000,0.0000,0.4491,1.0000,3.5957,2.0129,1.9989,2.5640,3.4288
2019-12-13,1.5716,0.1109,1.0000,0.0000,0.2218,1.0000,3.6522,2.0129,2.0058,2.6043,3.4827
2019-12-20,0.6641,0.1390,1.0000,0.0000,0.2779,1.0000,3.6765,2.0129,2.0094,2.6216,3.5058
2019-12-27,-0.1394,0.1912,1.0000,0.0000,0.3824,1.0000,3.6714,2.0129,2.0083,2.6180,3.5009
2020-01-03,1.0235,0.1529,1.0000,0.0000,0.3057,1.0000,3.7089,2.0129,2.0146,2.6448,3.5368
2020-01-10,1.9158,0.1398,1.0000,0.0000,0.2796,1.0000,3.7800,2.0129,2.0254,2.6954,3.6045
2020-01-17,-0.9580,0.1622,1.0000,0.0000,0.3245,1.0000,3.7438,2.0129,2.0190,2.6696,3.5700
2020-01-24,-2.1413,0.1933,1.0000,0.0000,0.3866,1.0000,3.6636,2.0129,2.0023,2.6125,3.4936
2020-01-31,3.2542,0.3103,1.0000,1.0000,0.6206,1.0000,3.7828,2.0780,2.0426,2.6975,3.6072
2020-02-07,1.6255,0.1013,1.0000,0.0000,0.2026,1.0000,3.8443,2.0776,2.0492,2.7413,3.6659
2020-02-14,-1.2204,0.1532,1.0000,0.0000,0.3063,1.0000,3.7974,2.0776,2.0415,2.7079,3.6211
2020-02-21,-11.1611,0.1125,1.0000,0.0000,0.2249,1.0000,3.3736,2.0776,1.9902,2.4056,3.2170
2020-02-28,0.4051,0.9004,1.0000,1.0000,1.0000,1.0000,3.3872,2.0856,1.9980,2.4154,3.2300
2020-03-06,-9.4601,0.0793,1.0000,0.0000,0.1587,0.0000,3.0668,2.0852,1.9676,2.4149,2.9245
2020-03-13,-14.5457,1.2729,1.0000,1.0000,1.0000,1.0000,2.6207,1.7814,1.6811,2.0632,2.4991
2020-03-20,10.7605,2.3467,1.0000,1.0000,1.0000,1.0000,2.9027,1.9731,1.8620,2.2852,2.7680
2020-03-27,-2.0638,1.3957,1.0000,1.0000,1.0000,1.0000,2.8428,1.9324,1.8236,2.2380,2.7109
2020-04-03,12.0916,1.7815,1.0000,1.0000,1.0000,1.0000,3.1866,2.1661,2.0441,2.5086,3.0386
2020-04-10,3.0338,0.5864,1.0000,1.0000,1.0000,1.0000,3.2832,2.2318,2.1061,2.5847,3.1308
2020-04-17,-1.2803,0.5474,1.0000,1.0000,1.0000,1.0000,3.2412,2.2032,2.0791,2.5516,3.0907
2020-04-24,-0.0636,0.4015,1.0000,1.0000,0.8031,1.0000,3.2391,2.2018,2.0780,2.5500,3.0888
2020-05-01,3.4124,0.2053,1.0000,0.0000,0.4105,1.0000,3.3497,2.2014,2.1069,2.6370,3.1942
2020-05-08,-2.1064,0.3498,1.0000,1.0000,0.6997,1.0000,3.2791,2.1546,2.0757,2.5815,3.1269
2020-05-15,3.1997,0.3813,1.0000,1.0000,0.7625,1.0000,3.3840,2.2235,2.1264,2.6641,3.2269
2020-05-22,3.0057,0.0612,1.0000,0.0000,0.1224,0.0000,3.4857,2.2231,2.1339,2.6635,3.3239
2020-05-29,4.9356,0.2119,1.0000,0.0000,0.4238,1.0000,3.6578,2.2231,2.1784,2.7945,3.4880
2020-06-05,-4.7379,0.0302,1.0000,0.0000,0.0604,0.0000,3.4845,2.2231,2.1720,2.7939,3.3227
2020-06-12,1.9027,-0.0209,0.0000,0.0000,0.0000,0.0000,3.4838,2.2231,2.1720,2.7939,3.3860
2020-06-19,-2.7832,-0.0686,0.0000,0.0000,0.0000,0.0000,3.4838,2.2231,2.1720,2.7939,3.2917
2020-06-26,4.0593,-0.0286,0.0000,0.0000,0.0000,0.0000,3.4838,2.2231,2.1720,2.7939,3.4253
2020-07-03,1.7166,0.0892,1.0000,0.0000,0.1784,0.0000,3.5429,2.2231,2.1786,2.7939,3.4841
2020-07-10,1.3004,0.0411,1.0000,0.0000,0.0822,0.0000,3.5890,2.2231,2.1809,2.7939,3.5294
2020-07-17,-0.2611,0.0244,1.0000,0.0000,0.0489,0.0000,3.5796,2.2231,2.1806,2.7939,3.5202
2020-07-24,1.7576,0.0189,1.0000,0.0000,0.0378,0.0000,3.6425,2.2231,2.1820,2.7939,3.5821
2020-07-31,2.4654,-0.0516,0.0000,0.0000,0.0000,0.0000,3.6418,2.2231,2.1820,2.7939,3.6704
2020-08-07,0.6785,0.0279,1.0000,0.0000,0.0558,0.0000,3.6658,2.2231,2.1828,2.7939,3.6953
2020-08-14,0.7838,-0.0003,0.0000,0.0000,0.0000,0.0000,3.6650,2.2231,2.1828,2.7939,3.7243
2020-08-21,3.2697,-0.0373,0.0000,0.0000,0.0000,0.0000,3.6650,2.2231,2.1828,2.7939,3.8461
2020-08-28,-2.2847,-0.0157,0.0000,0.0000,0.0000,1.0000,3.6650,2.2231,2.1828,2.7295,3.7582
2020-09-04,-2.4842,0.0023,1.0000,0.0000,0.0047,1.0000,3.5733,2.2231,2.1825,2.6617,3.6648
2020-09-11,-0.6246,-0.0658,0.0000,0.0000,0.0000,0.0000,3.5725,2.2231,2.1825,2.6612,3.6419
2020-09-18,-0.5807,0.1067,1.0000,0.0000,0.2133,1.0000,3.5511,2.2231,2.1797,2.6452,3.6208
2020-09-25,1.5545,0.2034,1.0000,0.0000,0.4067,1.0000,3.6063,2.2231,2.1934,2.6863,3.6771
2020-10-02,3.8971,0.1458,1.0000,0.0000,0.2917,1.0000,3.7468,2.2231,2.2183,2.7910,3.8204
2020-10-09,0.1268,0.2025,1.0000,0.0000,0.4050,1.0000,3.7516,2.2231,2.2194,2.7945,3.8252
2020-10-16,-0.4348,0.0902,1.0000,0.0000,0.1804,1.0000,3.7353,2.2231,2.2175,2.7824,3.8086
2020-10-23,-5.5642,0.1239,1.0000,0.0000,0.2478,1.0000,3.5274,2.2231,2.1869,2.6276,3.5967
2020-10-30,7.2334,0.3531,1.0000,1.0000,0.7062,1.0000,3.7826,2.3834,2.2985,2.8176,3.8568
2020-11-06,2.2676,0.0805,1.0000,0.0000,0.1609,1.0000,3.8683,2.3829,2.3066,2.8815,3.9443
2020-11-13,-0.7735,0.2359,1.0000,0.0000,0.4718,1.0000,3.8384,2.3829,2.2980,2.8592,3.9138
2020-11-20,2.3471,0.2635,1.0000,0.0000,0.5269,1.0000,3.9285,2.3829,2.3264,2.9263,4.0056
2020-11-27,1.6993,0.1624,1.0000,0.0000,0.3249,1.0000,3.9953,2.3829,2.3392,2.9761,4.0737
2020-12-04,-0.9598,0.1664,1.0000,0.0000,0.3327,1.0000,3.9569,2.3829,2.3317,2.9475,4.0346
2020-12-11,1.2159,0.2575,1.0000,0.0000,0.5151,1.0000,4.0050,2.3829,2.3462,2.9833,4.0837
2020-12-18,-0.0488,0.1749,1.0000,0.0000,0.3498,1.0000,4.0031,2.3829,2.3457,2.9819,4.0817
2020-12-25,1.3225,0.1530,1.0000,0.0000,0.3060,1.0000,4.0560,2.3829,2.3552,3.0213,4.1356
2021-01-01,1.9739,0.1627,1.0000,0.0000,0.3253,1.0000,4.1361,2.3829,2.3703,3.0810,4.2173
2021-01-08,-1.4584,0.1910,1.0000,0.0000,0.3820,1.0000,4.0758,2.3829,2.3571,3.0360,4.1558
2021-01-15,1.9111,0.0982,1.0000,0.0000,0.1963,1.0000,4.1537,2.3829,2.3658,3.0940,4.2352
2021-01-22,-3.3457,0.0781,1.0000,0.0000,0.1562,1.0000,4.0147,2.3829,2.3535,2.9905,4.0935
2021-01-29,4.7667,0.3607,1.0000,1.0000,0.7213,1.0000,4.2061,2.4960,2.4341,3.1331,4.2886
2021-02-05,1.2716,0.0592,1.0000,0.0000,0.1184,0.0000,4.2595,2.4955,2.4375,3.1324,4.3432
2021-02-12,-0.6647,0.1291,1.0000,0.0000,0.2581,0.0000,4.2312,2.4955,2.4332,3.1324,4.3143
2021-02-19,-2.4793,0.0329,1.0000,0.0000,0.0657,0.0000,4.1263,2.4955,2.4292,3.1324,4.2073
2021-02-26,0.8597,0.3905,1.0000,1.0000,0.7811,1.0000,4.1618,2.5165,2.4451,3.1587,4.2435
2021-03-05,2.7188,0.2175,1.0000,0.0000,0.4350,1.0000,4.2749,2.5160,2.4739,3.2446,4.3589
2021-03-12,-0.8385,0.1716,1.0000,0.0000,0.3431,1.0000,4.2391,2.5160,2.4667,3.2174,4.3223
2021-03-19,1.6689,0.3796,1.0000,1.0000,0.7592,1.0000,4.3098,2.5575,2.4978,3.2711,4.3945
2021-03-26,1.1692,0.2722,1.0000,0.0000,0.5443,1.0000,4.3602,2.5570,2.5136,3.3094,4.4458
2021-04-02,2.7159,0.1774,1.0000,0.0000,0.3548,1.0000,4.4787,2.5570,2.5377,3.3992,4.5666
2021-04-09,1.4022,0.1308,1.0000,0.0000,0.2616,0.0000,4.5415,2.5570,2.5470,3.3986,4.6306
2021-04-16,-0.1246,0.1528,1.0000,0.0000,0.3055,1.0000,4.5358,2.5570,2.5460,3.3936,4.6248
2021-04-23,0.1344,0.0668,1.0000,0.0000,0.1335,0.0000,4.5419,2.5570,2.5463,3.3930,4.6311
2021-04-30,1.1550,0.0925,1.0000,0.0000,0.1850,1.0000,4.5944,2.5570,2.5517,3.4315,4.6845
2021-05-07,-1.3124,0.1490,1.0000,0.0000,0.2981,1.0000,4.5341,2.5570,2.5417,3.3864,4.6231
2021-05-14,-0.3937,0.2721,1.0000,0.0000,0.5443,1.0000,4.5162,2.5570,2.5361,3.3731,4.6049
2021-05-21,1.2291,0.1215,1.0000,0.0000,0.2431,1.0000,4.5717,2.5570,2.5436,3.4146,4.6615
2021-05-28,0.6094,0.1520,1.0000,0.0000,0.3039,1.0000,4.5996,2.5570,2.5482,3.4354,4.6899
2021-06-04,0.4046,0.1842,1.0000,0.0000,0.3685,1.0000,4.6182,2.5570,2.5520,3.4493,4.7088
2021-06-11,-1.8931,0.2645,1.0000,0.0000,0.5290,1.0000,4.5308,2.5570,2.5264,3.3840,4.6197
2021-06-18,2.8174,0.3258,1.0000,1.0000,0.6516,1.0000,4.6584,2.6285,2.5727,3.4793,4.7499
2021-06-25,1.6667,0.2720,1.0000,0.0000,0.5440,1.0000,4.7361,2.6280,2.5960,3.5373,4.8290
2021-07-02,0.4150,0.1676,1.0000,0.0000,0.3352,1.0000,4.7557,2.6280,2.5995,3.5520,4.8491
2021-07-09,-0.9598,0.1184,1.0000,0.0000,0.2368,1.0000,4.7101,2.6280,2.5935,3.5179,4.8025
2021-07-16,1.9938,0.2691,1.0000,0.0000,0.5381,1.0000,4.8040,2.6280,2.6212,3.5880,4.8983
2021-07-23,-0.3250,0.4699,1.0000,1.0000,0.9397,1.0000,4.7884,2.6189,2.6129,3.5764,4.8824
2021-07-30,0.9076,0.2683,1.0000,0.0000,0.5367,1.0000,4.8318,2.6184,2.6255,3.6088,4.9267
2021-08-06,0.7751,0.4164,1.0000,1.0000,0.8328,1.0000,4.8693,2.6382,2.6423,3.6368,4.9649
2021-08-13,-0.5741,0.2273,1.0000,0.0000,0.4547,1.0000,4.8413,2.6376,2.6352,3.6159,4.9364
2021-08-20,1.5540,0.4750,1.0000,1.0000,0.9499,1.0000,4.9166,2.6781,2.6738,3.6721,5.0131
2021-08-27,0.6286,0.2593,1.0000,0.0000,0.5187,1.0000,4.9475,2.6776,2.6823,3.6952,5.0446
2021-09-03,-1.6862,0.1839,1.0000,0.0000,0.3679,1.0000,4.8640,2.6776,2.6656,3.6329,4.9595
2021-09-10,-0.5895,0.4134,1.0000,1.0000,0.8268,1.0000,4.8354,2.6612,2.6523,3.6115,4.9303
2021-09-17,0.5686,0.3139,1.0000,1.0000,0.6278,1.0000,4.8628,2.6764,2.6617,3.6320,4.9583
2021-09-24,-2.1784,0.5455,1.0000,1.0000,1.0000,1.0000,4.7569,2.6181,2.6035,3.5529,4.8503
2021-10-01,0.8336,0.4624,1.0000,1.0000,0.9247,1.0000,4.7966,2.6399,2.6235,3.5825,4.8907
2021-10-08,1.8293,0.4644,1.0000,1.0000,0.9287,1.0000,4.8843,2.6882,2.6681,3.6481,4.9802
2021-10-15,1.6260,0.4104,1.0000,1.0000,0.8208,1.0000,4.9637,2.7319,2.7037,3.7074,5.0612
2021-10-22,1.3528,0.4236,1.0000,1.0000,0.8472,1.0000,5.0309,2.7689,2.7346,3.7575,5.1297
2021-10-29,2.0207,0.4233,1.0000,1.0000,0.8465,1.0000,5.1326,2.8248,2.7814,3.8335,5.2333
2021-11-05,-0.2689,0.4122,1.0000,1.0000,0.8244,1.0000,5.1187,2.8172,2.7752,3.8231,5.2192
2021-11-12,0.3467,0.4381,1.0000,1.0000,0.8763,1.0000,5.1365,2.8270,2.7836,3.8364,5.2373
2021-11-19,-2.1156,0.3573,1.0000,1.0000,0.7145,1.0000,5.0278,2.7672,2.7415,3.7552,5.1265
2021-11-26,-1.2092,0.9158,1.0000,1.0000,1.0000,1.0000,4.9670,2.7337,2.7082,3.7098,5.0645
2021-12-03,3.8199,0.9122,1.0000,1.0000,1.0000,1.0000,5.1568,2.8381,2.8116,3.8515,5.2580
2021-12-10,-1.9659,0.1531,1.0000,0.0000,0.3062,0.0000,5.0554,2.8376,2.7943,3.8508,5.1546
2021-12-17,2.3333,0.2410,1.0000,0.0000,0.4819,0.0000,5.1733,2.8376,2.8256,3.8508,5.2749
2021-12-24,0.9265,0.3021,1.0000,1.0000,0.6041,1.0000,5.2213,2.8633,2.8414,3.8857,5.3238
2021-12-31,-1.8676,0.2307,1.0000,0.0000,0.4614,1.0000,5.1238,2.8627,2.8168,3.8131,5.2243
2022-01-07,-0.2939,0.3097,1.0000,1.0000,0.6194,1.0000,5.1087,2.8537,2.8116,3.8019,5.2090
2022-01-14,-5.7540,0.2464,1.0000,0.0000,0.4928,0.0000,4.8147,2.8532,2.7318,3.8011,4.9093
2022-01-21,0.9064,0.3529,1.0000,1.0000,0.7057,1.0000,4.8584,2.8784,2.7492,3.8348,4.9538
2022-01-28,1.5273,0.3126,1.0000,1.0000,0.6253,1.0000,4.9326,2.9224,2.7754,3.8934,5.0294
2022-02-04,-1.8364,0.2770,1.0000,0.0000,0.5540,1.0000,4.8420,2.9218,2.7471,3.8219,4.9371
2022-02-11,-1.4144,0.4781,1.0000,1.0000,0.9561,1.0000,4.7735,2.8799,2.7097,3.7678,4.8672
2022-02-18,0.8106,0.4419,1.0000,1.0000,0.8838,1.0000,4.8122,2.9033,2.7291,3.7984,4.9067
2022-02-25,-1.2747,0.5057,1.0000,1.0000,1.0000,1.0000,4.7509,2.8662,2.6942,3.7500,4.8441
2022-03-04,-2.7998,0.5805,1.0000,1.0000,1.0000,1.0000,4.6179,2.7860,2.6188,3.6450,4.7085
2022-03-11,6.1492,0.6312,1.0000,1.0000,1.0000,1.0000,4.9018,2.9573,2.7798,3.8691,4.9980
2022-03-18,1.8379,0.5057,1.0000,1.0000,1.0000,1.0000,4.9919,3.0117,2.8309,3.9402,5.0899
2022-03-25,0.0508,0.5445,1.0000,1.0000,1.0000,1.0000,4.9944,3.0132,2.8324,3.9422,5.0925
2022-04-01,-1.1812,0.4756,1.0000,1.0000,0.9512,1.0000,4.9355,2.9776,2.8005,3.8957,5.0323
2022-04-08,-2.1851,0.4071,1.0000,1.0000,0.8142,1.0000,4.8276,2.9125,2.7506,3.8105,4.9224
2022-04-15,-2.6839,0.3920,1.0000,1.0000,0.7841,1.0000,4.6980,2.8344,2.6927,3.7083,4.7903
2022-04-22,-3.2955,0.4476,1.0000,1.0000,0.8951,1.0000,4.5432,2.7410,2.6132,3.5861,4.6324
2022-04-29,-0.1602,0.3153,1.0000,1.0000,0.6305,0.0000,4.5359,2.7366,2.6105,3.5853,4.6250
2022-05-06,-2.3387,0.3794,1.0000,1.0000,0.7588,0.0000,4.4299,2.6726,2.5641,3.5853,4.5168
2022-05-13,-3.0096,0.3186,1.0000,1.0000,0.6373,0.0000,4.2965,2.5921,2.5148,3.5853,4.3809
2022-05-20,6.5780,0.5297,1.0000,1.0000,1.0000,1.0000,4.5792,2.7627,2.6801,3.8205,4.6691
2022-05-27,-1.1366,0.3345,1.0000,1.0000,0.6689,0.0000,4.5271,2.7313,2.6595,3.8197,4.6160
2022-06-03,-5.0519,0.4446,1.0000,1.0000,0.8891,0.0000,4.2984,2.5933,2.5399,3.8197,4.3828
2022-06-10,-5.7361,0.1764,1.0000,0.0000,0.3528,0.0000,4.0518,2.5928,2.4883,3.8197,4.1314
2022-06-17,6.6200,0.5254,1.0000,1.0000,1.0000,1.0000,4.3201,2.7639,2.6526,4.0718,4.4049
2022-06-24,-2.2662,0.1861,1.0000,0.0000,0.3722,0.0000,4.2222,2.7633,2.6299,4.0710,4.3051
2022-07-01,1.9489,0.2671,1.0000,0.0000,0.5343,0.0000,4.3045,2.7633,2.6572,4.0710,4.3890
2022-07-08,-0.9108,0.5114,1.0000,1.0000,1.0000,1.0000,4.2653,2.7376,2.6328,4.0331,4.3490
2022-07-15,2.5861,0.4458,1.0000,1.0000,0.8917,0.0000,4.3756,2.8084,2.6934,4.0323,4.4615
2022-07-22,4.2775,0.2321,1.0000,0.0000,0.4642,0.0000,4.5627,2.8078,2.7467,4.0323,4.6523
2022-07-29,0.3593,0.1099,1.0000,0.0000,0.2199,0.0000,4.5791,2.8078,2.7487,4.0323,4.6690
2022-08-05,3.2965,0.0341,1.0000,0.0000,0.0682,0.0000,4.7301,2.8078,2.7548,4.0323,4.8229
2022-08-12,-1.1613,-0.1855,0.0000,0.0000,0.0000,0.0000,4.7291,2.8078,2.7548,4.0323,4.7669
2022-08-19,-3.9868,-0.1365,0.0000,0.0000,0.0000,0.0000,4.7291,2.8078,2.7548,4.0323,4.5769
2022-08-26,-3.2247,-0.2107,0.0000,0.0000,0.0000,0.0000,4.7291,2.8078,2.7548,4.0323,4.4293
2022-09-02,3.6610,-0.2160,0.0000,0.0000,0.0000,0.0000,4.7291,2.8078,2.7548,4.0323,4.5914
2022-09-09,-4.7851,-0.0744,0.0000,0.0000,0.0000,0.0000,4.7291,2.8078,2.7548,4.0323,4.3717
2022-09-16,-4.5674,0.2964,1.0000,1.0000,0.5927,0.0000,4.5122,2.6790,2.6799,4.0323,4.1721
2022-09-23,-2.9270,-0.3006,0.0000,0.0000,0.0000,0.0000,4.5113,2.6785,2.6796,4.0323,4.0499
2022-09-30,1.5706,-0.3872,0.0000,0.0000,0.0000,0.0000,4.5113,2.6785,2.6796,4.0323,4.1136
2022-10-07,-1.4223,0.2215,1.0000,0.0000,0.4429,0.0000,4.4462,2.6785,2.6624,4.0323,4.0550
2022-10-14,4.6584,0.7708,1.0000,1.0000,1.0000,1.0000,4.6533,2.8027,2.7862,4.2193,4.2439
2022-10-21,3.9354,0.2822,1.0000,1.0000,0.5643,0.0000,4.8365,2.9130,2.8478,4.2185,4.4110
2022-10-28,-3.2569,0.1416,1.0000,0.0000,0.2832,0.0000,4.6789,2.9125,2.8214,4.2185,4.2673
2022-11-04,5.8881,0.1903,1.0000,0.0000,0.3806,0.0000,4.9545,2.9125,2.8846,4.2185,4.5186
2022-11-11,-0.6223,0.0783,1.0000,0.0000,0.1566,0.0000,4.9236,2.9125,2.8816,4.2185,4.4904
2022-11-18,1.5908,0.4268,1.0000,1.0000,0.8536,1.0000,5.0019,2.9582,2.9203,4.2847,4.5619
2022-11-25,1.1384,-0.1257,0.0000,0.0000,0.0000,0.0000,5.0009,2.9576,2.9198,4.2839,4.6138
2022-12-02,-3.3496,0.0800,1.0000,0.0000,0.1600,0.0000,4.8324,2.9576,2.9041,4.2839,4.4593
2022-12-09,-2.0977,0.1581,1.0000,0.0000,0.3163,0.0000,4.7311,2.9576,2.8847,4.2839,4.3657
2022-12-16,-0.0939,0.1352,1.0000,0.0000,0.2705,0.0000,4.7266,2.9576,2.8840,4.2839,4.3616
2022-12-23,-0.1253,0.0163,1.0000,0.0000,0.0326,0.0000,4.7207,2.9576,2.8837,4.2839,4.3562
2022-12-30,1.4774,0.0833,1.0000,0.0000,0.1665,0.0000,4.7904,2.9576,2.8907,4.2839,4.4205
2023-01-06,2.6850,0.0659,1.0000,0.0000,0.1319,0.0000,4.9191,2.9576,2.9010,4.2839,4.5392
2023-01-13,-0.6574,0.0424,1.0000,0.0000,0.0848,1.0000,4.8867,2.9576,2.8993,4.2549,4.5094
2023-01-20,2.4755,0.0402,1.0000,0.0000,0.0805,0.0000,5.0077,2.9576,2.9051,4.2540,4.6210
2023-01-27,1.6441,0.0109,1.0000,0.0000,0.0217,1.0000,5.0900,2.9576,2.9061,4.3231,4.6970
2023-02-03,-1.0452,0.1091,1.0000,0.0000,0.2181,1.0000,5.0368,2.9576,2.8994,4.2779,4.6479
2023-02-10,-0.1912,0.0647,1.0000,0.0000,0.1294,0.0000,5.0272,2.9576,2.8986,4.2771,4.6390
2023-02-17,-2.6715,0.0048,1.0000,0.0000,0.0096,0.0000,4.8929,2.9576,2.8978,4.2771,4.5151
2023-02-24,1.9703,0.1223,1.0000,0.0000,0.2446,0.0000,4.9893,2.9576,2.9116,4.2771,4.6040
2023-03-03,-4.5226,0.0645,1.0000,0.0000,0.1291,0.0000,4.7636,2.9576,2.8945,4.2771,4.3958
2023-03-10,1.4429,0.1933,1.0000,0.0000,0.3865,1.0000,4.8324,2.9576,2.9105,4.3379,4.4592
2023-03-17,1.4770,0.1172,1.0000,0.0000,0.2343,0.0000,4.9038,2.9576,2.9205,4.3371,4.5251
2023-03-24,3.4467,0.0764,1.0000,0.0000,0.1527,0.0000,5.0728,2.9576,2.9358,4.3371,4.6810
2023-03-31,-0.0489,0.0837,1.0000,0.0000,0.1674,1.0000,5.0703,2.9576,2.9356,4.3341,4.6788
2023-04-07,0.7992,0.1278,1.0000,0.0000,0.2557,0.0000,5.1108,2.9576,2.9415,4.3332,4.7161
2023-04-14,-0.0630,0.0849,1.0000,0.0000,0.1697,1.0000,5.1076,2.9576,2.9412,4.3296,4.7132
2023-04-21,0.9049,0.1034,1.0000,0.0000,0.2068,1.0000,5.1538,2.9576,2.9466,4.3688,4.7558
2023-04-28,-0.7934,0.1283,1.0000,0.0000,0.2567,1.0000,5.1129,2.9576,2.9406,4.3341,4.7181
2023-05-05,-0.2520,0.0875,1.0000,0.0000,0.1750,1.0000,5.1000,2.9576,2.9393,4.3232,4.7062
2023-05-12,1.7080,0.0670,1.0000,0.0000,0.1339,1.0000,5.1871,2.9576,2.9460,4.3970,4.7866
2023-05-19,0.3344,0.0602,1.0000,0.0000,0.1204,1.0000,5.2045,2.9576,2.9472,4.4117,4.8026
2023-05-26,1.8809,0.0689,1.0000,0.0000,0.1379,1.0000,5.3024,2.9576,2.9548,4.4947,4.8929
2023-06-02,0.4627,0.0440,1.0000,0.0000,0.0881,1.0000,5.3269,2.9576,2.9560,4.5155,4.9156
2023-06-09,2.6035,0.0696,1.0000,0.0000,0.1392,1.0000,5.4656,2.9576,2.9666,4.6331,5.0435
2023-06-16,-1.4222,0.0678,1.0000,0.0000,0.1357,1.0000,5.3879,2.9576,2.9609,4.5672,4.9718
2023-06-23,2.3245,0.0555,1.0000,0.0000,0.1109,1.0000,5.5131,2.9576,2.9685,4.6734,5.0874
2023-06-30,-1.0671,0.0248,1.0000,0.0000,0.0496,1.0000,5.4543,2.9576,2.9669,4.6235,5.0331
2023-07-07,2.4467,0.0405,1.0000,0.0000,0.0810,1.0000,5.5877,2.9576,2.9728,4.7366,5.1562
2023-07-14,0.6454,-0.0057,0.0000,0.0000,0.0000,1.0000,5.5866,2.9576,2.9727,4.7672,5.1895
2023-07-21,1.0483,0.0238,1.0000,0.0000,0.0476,1.0000,5.6441,2.9576,2.9742,4.8172,5.2439
2023-07-28,-2.2127,-0.0333,0.0000,0.0000,0.0000,1.0000,5.6429,2.9576,2.9742,4.7106,5.1279
2023-08-04,-0.2596,0.1621,1.0000,0.0000,0.3242,1.0000,5.6271,2.9576,2.9715,4.6983,5.1146
2023-08-11,-2.0532,0.0949,1.0000,0.0000,0.1898,1.0000,5.5116,2.9576,2.9598,4.6019,5.0096
2023-08-18,0.7949,0.4016,1.0000,1.0000,0.8032,1.0000,5.5554,2.9805,2.9783,4.6385,5.0494
2023-08-25,2.5502,0.1865,1.0000,0.0000,0.3730,1.0000,5.6971,2.9799,3.0064,4.7568,5.1782
2023-09-01,-1.2567,0.1928,1.0000,0.0000,0.3857,1.0000,5.6255,2.9799,2.9918,4.6970,5.1131
2023-09-08,-0.1315,0.1528,1.0000,0.0000,0.3057,1.0000,5.6181,2.9799,2.9906,4.6908,5.1064
2023-09-15,-2.9208,0.1557,1.0000,0.0000,0.3114,1.0000,5.4540,2.9799,2.9634,4.5538,4.9572
2023-09-22,-0.6831,0.4016,1.0000,1.0000,0.8033,1.0000,5.4168,2.9590,2.9468,4.5227,4.9234
2023-09-29,0.4819,0.3162,1.0000,1.0000,0.6324,1.0000,5.4429,2.9732,2.9557,4.5445,4.9471
2023-10-06,0.4563,0.5052,1.0000,1.0000,1.0000,1.0000,5.4677,2.9868,2.9690,4.5652,4.9697
2023-10-13,-2.3893,0.1463,1.0000,0.0000,0.2927,1.0000,5.3371,2.9862,2.9478,4.4561,4.8509
2023-10-20,-2.4953,0.4501,1.0000,1.0000,0.9002,1.0000,5.2039,2.9111,2.8812,4.3449,4.7299
2023-10-27,5.8464,0.5873,1.0000,1.0000,1.0000,1.0000,5.5081,3.0813,3.0496,4.5990,5.0064
2023-11-03,1.3619,0.2570,1.0000,0.0000,0.5140,1.0000,5.5831,3.0807,3.0707,4.6616,5.0746
2023-11-10,2.3105,0.2757,1.0000,0.0000,0.5514,1.0000,5.7121,3.0807,3.1098,4.7693,5.1918
2023-11-17,1.0005,0.1136,1.0000,0.0000,0.2272,1.0000,5.7693,3.0807,3.1166,4.8170,5.2438
2023-11-24,0.8346,0.1720,1.0000,0.0000,0.3439,1.0000,5.8174,3.0807,3.1255,4.8572,5.2875
2023-12-01,0.2396,0.1334,1.0000,0.0000,0.2668,1.0000,5.8314,3.0807,3.1275,4.8689,5.3002
2023-12-08,2.3974,0.1434,1.0000,0.0000,0.2868,1.0000,5.9712,3.0807,3.1490,4.9856,5.4273
2023-12-15,0.9205,0.1092,1.0000,0.0000,0.2185,1.0000,6.0261,3.0807,3.1552,5.0315,5.4772
2023-12-22,0.3505,0.1232,1.0000,0.0000,0.2463,1.0000,6.0472,3.0807,3.1580,5.0491,5.4964
2023-12-29,-1.5548,0.0814,1.0000,0.0000,0.1628,1.0000,5.9532,3.0807,3.1499,4.9706,5.4110
2024-01-05,1.8721,0.1125,1.0000,0.0000,0.2251,1.0000,6.0647,3.0807,3.1631,5.0637,5.5123
2024-01-12,1.2063,0.0717,1.0000,0.0000,0.1434,0.0000,6.1378,3.0807,3.1686,5.0626,5.5787
2024-01-19,1.0323,0.1047,1.0000,0.0000,0.2094,1.0000,6.2012,3.0807,3.1754,5.1139,5.6363
2024-01-26,1.4238,0.0874,1.0000,0.0000,0.1748,0.0000,6.2895,3.0807,3.1832,5.1129,5.7166
2024-02-02,1.3857,0.1878,1.0000,0.0000,0.3756,1.0000,6.3766,3.0807,3.1997,5.1827,5.7958
2024-02-09,-0.3372,0.1016,1.0000,0.0000,0.2031,1.0000,6.3551,3.0807,3.1974,5.1652,5.7763
2024-02-16,1.6696,0.0975,1.0000,0.0000,0.1951,1.0000,6.4612,3.0807,3.2078,5.2515,5.8727
2024-02-23,0.9845,0.0838,1.0000,0.0000,0.1675,1.0000,6.5249,3.0807,3.2131,5.3032,5.9305
2024-03-01,-0.2203,0.1084,1.0000,0.0000,0.2169,1.0000,6.5105,3.0807,3.2115,5.2915,5.9175
2024-03-08,-0.0598,0.1066,1.0000,0.0000,0.2131,1.0000,6.5066,3.0807,3.2111,5.2883,5.9139
2024-03-15,2.2321,0.1255,1.0000,0.0000,0.2511,1.0000,6.6518,3.0807,3.2291,5.4064,6.0459
2024-03-22,0.3569,0.0929,1.0000,0.0000,0.1858,1.0000,6.6756,3.0807,3.2312,5.4257,6.0675
2024-03-29,-0.8871,0.1411,1.0000,0.0000,0.2822,1.0000,6.6163,3.0807,3.2230,5.3775,6.0137
2024-04-05,-1.4621,0.1679,1.0000,0.0000,0.3357,1.0000,6.5196,3.0807,3.2071,5.2989,5.9257
2024-04-12,-3.0713,0.1925,1.0000,0.0000,0.3850,1.0000,6.3194,3.0807,3.1692,5.1362,5.7437
2024-04-19,2.6456,0.4019,1.0000,1.0000,0.8038,1.0000,6.4866,3.1616,3.2363,5.2720,5.8957
2024-04-26,0.5961,0.1814,1.0000,0.0000,0.3628,1.0000,6.5252,3.1609,3.2430,5.3035,5.9308
2024-05-03,1.8678,0.3598,1.0000,1.0000,0.7195,1.0000,6.6471,3.2193,3.2864,5.4025,6.0416
2024-05-10,1.6531,0.2047,1.0000,0.0000,0.4095,1.0000,6.7570,3.2187,3.3084,5.4918,6.1415
2024-05-17,-0.0019,0.1731,1.0000,0.0000,0.3461,1.0000,6.7569,3.2187,3.3084,5.4917,6.1414
2024-05-24,-0.3910,0.1581,1.0000,0.0000,0.3161,1.0000,6.7304,3.2187,3.3043,5.4703,6.1174
2024-05-31,1.2591,0.1751,1.0000,0.0000,0.3502,1.0000,6.8152,3.2187,3.3188,5.5391,6.1944
2024-06-07,1.6423,0.1940,1.0000,0.0000,0.3881,1.0000,6.9271,3.2187,3.3399,5.6301,6.2961
2024-06-14,0.6423,0.2009,1.0000,0.0000,0.4018,1.0000,6.9716,3.2187,3.3485,5.6663,6.3366
2024-06-21,-0.0533,0.1861,1.0000,0.0000,0.3723,1.0000,6.9679,3.2187,3.3479,5.6632,6.3332
2024-06-28,1.9147,0.2065,1.0000,0.0000,0.4131,1.0000,7.1013,3.2187,3.3743,5.7717,6.4545
2024-07-05,0.9646,0.1970,1.0000,0.0000,0.3939,1.0000,7.1698,3.2187,3.3871,5.8274,6.5167
2024-07-12,-1.9643,0.2022,1.0000,0.0000,0.4045,1.0000,7.0290,3.2187,3.3602,5.7129,6.3887
2024-07-19,-0.8288,0.2296,1.0000,0.0000,0.4591,1.0000,6.9707,3.2187,3.3474,5.6655,6.3358
2024-07-26,-2.1196,0.2151,1.0000,0.0000,0.4302,1.0000,6.8230,3.2187,3.3168,5.5454,6.2015
2024-08-02,0.0169,0.2269,1.0000,0.0000,0.4538,1.0000,6.8241,3.2187,3.3171,5.5464,6.2025
2024-08-09,4.0001,0.0604,1.0000,0.0000,0.1208,1.0000,7.0971,3.2187,3.3329,5.7682,6.4506
2024-08-16,1.4108,0.1705,1.0000,0.0000,0.3410,1.0000,7.1972,3.2187,3.3488,5.8496,6.5416
2024-08-23,0.2757,0.3147,1.0000,1.0000,0.6293,1.0000,7.2170,3.2269,3.3544,5.8658,6.5597
2024-08-30,-4.1371,0.2973,1.0000,1.0000,0.5946,1.0000,6.9185,3.0934,3.2718,5.6231,6.2883
2024-09-06,4.0066,0.3694,1.0000,1.0000,0.7388,1.0000,7.1957,3.2174,3.3686,5.8484,6.5402
2024-09-13,1.4204,0.2207,1.0000,0.0000,0.4413,1.0000,7.2979,3.2167,3.3895,5.9314,6.6331
2024-09-20,0.5667,0.2232,1.0000,0.0000,0.4464,1.0000,7.3392,3.2167,3.3981,5.9651,6.6707
2024-09-27,0.2642,0.2312,1.0000,0.0000,0.4625,1.0000,7.3586,3.2167,3.4022,5.9808,6.6883
2024-10-04,1.1519,0.2845,1.0000,1.0000,0.5689,1.0000,7.4434,3.2531,3.4245,6.0497,6.7654
2024-10-11,0.8644,0.2221,1.0000,0.0000,0.4443,1.0000,7.5077,3.2525,3.4375,6.1020,6.8239
2024-10-18,-0.9494,0.2761,1.0000,0.0000,0.5522,1.0000,7.4364,3.2525,3.4194,6.0441,6.7591
2024-10-25,-1.3816,0.3201,1.0000,1.0000,0.6402,1.0000,7.3337,3.2069,3.3891,5.9606,6.6657
2024-11-01,4.7545,0.2908,1.0000,1.0000,0.5817,1.0000,7.6824,3.3594,3.4828,6.2440,6.9826
2024-11-08,-2.0796,0.2431,1.0000,0.0000,0.4861,1.0000,7.5226,3.3587,3.4475,6.1141,6.8374
2024-11-15,1.6663,0.2927,1.0000,1.0000,0.5854,1.0000,7.6480,3.4140,3.4811,6.2160,6.9513
2024-11-22,1.1822,0.1975,1.0000,0.0000,0.3951,1.0000,7.7384,3.4133,3.4972,6.2895,7.0335
2024-11-29,0.8730,0.2277,1.0000,0.0000,0.4554,1.0000,7.8059,3.4133,3.5111,6.3444,7.0949
2024-12-06,-0.5923,0.2291,1.0000,0.0000,0.4583,1.0000,7.7597,3.4133,3.5015,6.3068,7.0529
2024-12-13,-1.8322,0.2383,1.0000,0.0000,0.4767,1.0000,7.6175,3.4133,3.4709,6.1912,6.9237
2024-12-20,0.6530,0.3485,1.0000,1.0000,0.6970,1.0000,7.6673,3.4349,3.4866,6.2317,6.9689
2024-12-27,-0.5143,0.2208,1.0000,0.0000,0.4416,1.0000,7.6278,3.4342,3.4785,6.1996,6.9330
2025-01-03,-1.9360,0.2089,1.0000,0.0000,0.4178,1.0000,7.4802,3.4342,3.4503,6.0796,6.7988
2025-01-10,2.9441,0.2572,1.0000,0.0000,0.5143,1.0000,7.7004,3.4342,3.5025,6.2586,6.9990
2025-01-17,1.7387,0.2501,1.0000,0.0000,0.5003,1.0000,7.8343,3.4342,3.5330,6.3674,7.1207
2025-01-24,-1.0116,0.2250,1.0000,0.0000,0.4501,1.0000,7.7550,3.4342,3.5169,6.3030,7.0486
2025-01-31,-0.1744,0.2857,1.0000,1.0000,0.5715,1.0000,7.7415,3.4275,3.5133,6.2920,7.0363
2025-02-07,1.4864,0.2381,1.0000,0.0000,0.4763,1.0000,7.8566,3.4269,3.5381,6.3855,7.1409
2025-02-14,-1.6008,0.2314,1.0000,0.0000,0.4628,1.0000,7.7308,3.4269,3.5119,6.2833,7.0266
2025-02-21,-0.9601,0.2671,1.0000,0.0000,0.5343,1.0000,7.6566,3.4269,3.4938,6.2230,6.9591
2025-02-28,-3.0732,0.3419,1.0000,1.0000,0.6839,1.0000,7.4213,3.3209,3.4203,6.0317,6.7453
2025-03-07,-2.2764,0.4881,1.0000,1.0000,0.9762,1.0000,7.2523,3.2453,3.3441,5.8944,6.5917
2025-03-14,0.5093,0.2145,1.0000,0.0000,0.4290,0.0000,7.2893,3.2446,3.3510,5.8933,6.6253
2025-03-21,-1.4752,0.2220,1.0000,0.0000,0.4439,0.0000,7.1817,3.2446,3.3290,5.8933,6.5276
2025-03-28,-9.0667,0.3387,1.0000,1.0000,0.6774,1.0000,6.5306,2.9498,3.1244,5.3578,5.9357
2025-04-04,5.6721,0.7865,1.0000,1.0000,1.0000,1.0000,6.9010,3.1171,3.3014,5.6616,6.2724
2025-04-11,-1.4103,-0.2927,0.0000,0.0000,0.0000,0.0000,6.8996,3.1165,3.3008,5.6605,6.1840
2025-04-18,4.6029,0.5467,1.0000,1.0000,1.0000,1.0000,7.2158,3.2593,3.4520,5.9199,6.4686
2025-04-25,2.9275,0.4149,1.0000,1.0000,0.8298,1.0000,7.4271,3.3547,3.5358,6.0932,6.6580
2025-05-02,-0.4270,0.5609,1.0000,1.0000,1.0000,1.0000,7.3954,3.3404,3.5206,6.0672,6.6295
2025-05-09,5.2911,0.3532,1.0000,1.0000,0.7064,1.0000,7.7867,3.5171,3.6519,6.3882,6.9803
2025-05-16,-2.5396,0.2604,1.0000,0.0000,0.5208,0.0000,7.5889,3.5164,3.6035,6.3870,6.8030
2025-05-23,1.7752,0.3672,1.0000,1.0000,0.7344,1.0000,7.7236,3.5782,3.6503,6.4991,6.9238
2025-05-30,1.6542,0.0788,1.0000,0.0000,0.1575,0.0000,7.8514,3.5774,3.6594,6.4978,7.0383
2025-06-06,-0.3572,0.1368,1.0000,0.0000,0.2736,0.0000,7.8234,3.5774,3.6558,6.4978,7.0132
2025-06-13,-0.1613,0.0942,1.0000,0.0000,0.1883,0.0000,7.8107,3.5774,3.6546,6.4978,7.0019
2025-06-20,3.4714,0.1828,1.0000,0.0000,0.3656,0.0000,8.0819,3.5774,3.7008,6.4978,7.2450
2025-06-27,1.6962,0.3204,1.0000,1.0000,0.6408,0.0000,8.2190,3.6374,3.7409,6.4978,7.3678
2025-07-04,-0.2751,-0.0081,0.0000,0.0000,0.0000,0.0000,8.2173,3.6367,3.7404,6.4978,7.3476
2025-07-11,0.6350,-0.1400,0.0000,0.0000,0.0000,0.0000,8.2173,3.6367,3.7404,6.4978,7.3942
2025-07-18,1.5169,0.0452,1.0000,0.0000,0.0905,0.0000,8.3403,3.6367,3.7454,6.4978,7.5064
2025-07-25,-2.4141,0.0379,1.0000,0.0000,0.0758,0.0000,8.1390,3.6367,3.7386,6.4978,7.3252
2025-08-01,2.4867,0.2156,1.0000,0.0000,0.4312,0.0000,8.3414,3.6367,3.7784,6.4978,7.5073
2025-08-08,0.9825,0.0312,1.0000,0.0000,0.0625,0.0000,8.4233,3.6367,3.7804,6.4978,7.5811
2025-08-15,0.2906,0.0575,1.0000,0.0000,0.1150,0.0000,8.4478,3.6367,3.7817,6.4978,7.6031
2025-08-22,-0.0403,0.1177,1.0000,0.0000,0.2354,0.0000,8.4444,3.6367,3.7812,6.4978,7.6001
2025-08-29,0.3395,0.0939,1.0000,0.0000,0.1879,0.0000,8.4731,3.6367,3.7836,6.4978,7.6259
2025-09-05,1.5713,0.0745,1.0000,0.0000,0.1491,0.0000,8.6062,3.6367,3.7924,6.4978,7.7457
2025-09-12,1.2367,0.1008,1.0000,0.0000,0.2015,0.0000,8.7126,3.6367,3.8018,6.4978,7.8415
2025-09-19,-0.2833,0.0966,1.0000,0.0000,0.1932,0.0000,8.6880,3.6367,3.7998,6.4978,7.8193
2025-09-26,1.1166,0.1272,1.0000,0.0000,0.2544,1.0000,8.7850,3.6367,3.8105,6.5690,7.9066
2025-10-03,-2.4193,0.2182,1.0000,0.0000,0.4364,1.0000,8.5724,3.6367,3.7701,6.4101,7.7153
2025-10-10,1.7411,0.2708,1.0000,0.0000,0.5416,1.0000,8.7217,3.6367,3.8056,6.5217,7.8496
2025-10-17,1.9356,0.1204,1.0000,0.0000,0.2407,1.0000,8.8905,3.6367,3.8231,6.6479,8.0016
2025-10-24,0.7102,0.0789,1.0000,0.0000,0.1578,1.0000,8.9537,3.6367,3.8273,6.6952,8.0584
2025-10-31,-1.6260,0.0694,1.0000,0.0000,0.1389,1.0000,8.8081,3.6367,3.8187,6.5863,7.9274
2025-11-07,0.1431,0.4473,1.0000,1.0000,0.8947,1.0000,8.8207,3.6412,3.8230,6.5957,7.9387
2025-11-14,-1.9198,0.1854,1.0000,0.0000,0.3708,1.0000,8.6513,3.6404,3.7954,6.4691,7.7863
2025-11-21,3.6963,0.6509,1.0000,1.0000,1.0000,1.0000,8.9711,3.7743,3.9352,6.7082,8.0741
2025-11-28,0.3366,0.1845,1.0000,0.0000,0.3690,1.0000,9.0013,3.7735,3.9396,6.7308,8.1013
2025-12-05,-0.5731,0.2526,1.0000,0.0000,0.5053,1.0000,8.9497,3.7735,3.9281,6.6922,8.0549
2025-12-12,0.1234,0.2637,1.0000,0.0000,0.5274,1.0000,8.9608,3.7735,3.9306,6.7005,8.0648
2025-12-19,1.4282,0.2676,1.0000,0.0000,0.5352,1.0000,9.0887,3.7735,3.9606,6.7962,8.1800
2025-12-26,-1.0343,0.2374,1.0000,0.0000,0.4747,1.0000,8.9947,3.7735,3.9411,6.7259,8.0954
2026-01-02,1.5955,0.2232,1.0000,0.0000,0.4465,1.0000,9.1382,3.7735,3.9692,6.8332,8.2245
2026-01-09,-0.3472,0.1927,1.0000,0.0000,0.3853,1.0000,9.1065,3.7735,3.9638,6.8095,8.1960
2026-01-16,-0.3513,0.2012,1.0000,0.0000,0.4024,1.0000,9.0745,3.7735,3.9582,6.7855,8.1672
2026-01-23,0.3976,0.2150,1.0000,0.0000,0.4300,1.0000,9.1106,3.7735,3.9650,6.8125,8.1996
2026-01-30,-0.1951,0.1994,1.0000,0.0000,0.3988,1.0000,9.0928,3.7735,3.9618,6.7992,8.1837
2026-02-06,-1.2844,0.2408,1.0000,0.0000,0.4815,1.0000,8.9760,3.7735,3.9373,6.7119,8.0785
2026-02-13,1.1265,0.2324,1.0000,0.0000,0.4649,1.0000,9.0772,3.7735,3.9579,6.7875,8.1696
2026-02-20,-0.4990,0.2188,1.0000,0.0000,0.4376,1.0000,9.0319,3.7735,3.9492,6.7536,8.1288
2026-02-27,-1.9840,0.2281,1.0000,0.0000,0.4562,1.0000,8.8527,3.7735,3.9135,6.6196,7.9675
2026-03-06,-1.5006,0.3425,1.0000,1.0000,0.6849,1.0000,8.7198,3.7161,3.8731,6.5203,7.8479
2026-03-13,-1.8042,0.2494,1.0000,0.0000,0.4988,0.0000,8.5625,3.7154,3.8381,6.5190,7.7064
2026-03-20,-2.2326,0.3381,1.0000,1.0000,0.6763,1.0000,8.3713,3.6317,3.7800,6.3722,7.5343
2026-03-27,3.4285,0.3934,1.0000,1.0000,0.7869,1.0000,8.6584,3.7562,3.8819,6.5906,7.7926
2026-04-03,3.6031,0.3816,1.0000,1.0000,0.7632,1.0000,8.9703,3.8915,3.9886,6.8281,8.0734
2026-04-10,4.5153,0.3869,1.0000,1.0000,0.7738,1.0000,9.3754,4.0673,4.1280,7.1364,8.4379
2026-04-17,0.5351,0.3205,1.0000,1.0000,0.6410,0.0000,9.4255,4.0890,4.1420,7.1350,8.4831
2026-04-24,0.9398,0.3440,1.0000,1.0000,0.6879,0.0000,9.5141,4.1275,4.1688,7.1350,8.5628
2026-05-01,2.3548,0.1979,1.0000,0.0000,0.3959,0.0000,9.7382,4.1266,4.2074,7.1350,8.7645
2026-05-08,0.2101,0.1967,1.0000,0.0000,0.3934,0.0000,9.7586,4.1266,4.2108,7.1350,8.7829
2026-05-15,0.8753,0.1626,1.0000,0.0000,0.3252,0.0000,9.8440,4.1266,4.2228,7.1350,8.8598
2026-05-22,1.4538,0.0957,1.0000,0.0000,0.1913,0.0000,9.9871,4.1266,4.2344,7.1350,8.9886
2026-05-29,-2.5024,0.1426,1.0000,0.0000,0.2853,0.0000,9.7372,4.1266,4.2041,7.1350,8.7636
2026-06-05,0.5695,0.1459,1.0000,0.0000,0.2918,0.0000,9.7927,4.1266,4.2111,7.1350,8.8135
2026-06-12,0.9321,0.0409,1.0000,0.0000,0.0819,0.0000,9.8840,4.1266,4.2141,7.1350,8.8957
2026-06-19,-2.3770,0.0138,1.0000,0.0000,0.0275,0.0000,9.6490,4.1266,4.2113,7.1350,8.6842
